,frame,cow_id,xc,yc,distance,meal,water
0,5,1,120,373,0,1,0
0,5,2,169,377,0,1,0
0,5,3,218,379,0,1,0
0,5,4,229,321,0,0,0
0,6,1,120,373,1,1,0
0,6,2,168,377,1,1,0
0,6,3,217,379,0,1,0
0,6,4,229,321,0,0,0
0,7,1,121,374,2,1,0
0,7,2,169,377,1,1,0
0,7,3,218,379,0,1,0
0,7,4,229,321,0,0,0
0,8,1,121,374,1,1,0
0,8,2,169,378,1,1,0
0,8,3,217,379,0,1,0
0,8,4,229,320,0,0,0
0,9,1,121,374,1,1,0
0,9,2,169,377,1,1,0
0,9,3,217,378,1,1,0
0,9,4,228,321,0,0,0
0,10,1,122,374,0,1,0
0,10,2,168,377,1,1,0
0,10,3,217,378,0,1,0
0,10,4,228,321,1,0,0
0,10,5,277,341,0,0,0
0,11,1,121,373,2,1,0
0,11,2,169,377,0,1,0
0,11,3,217,377,2,1,0
0,11,4,228,321,1,0,0
0,11,5,278,341,2,0,0
0,12,1,122,373,0,1,0
0,12,2,168,376,1,1,0
0,12,3,217,377,1,1,0
0,12,4,227,320,1,0,0
0,12,5,278,340,2,0,0
0,13,1,122,373,0,1,0
0,13,2,169,376,0,1,0
0,13,3,217,377,1,1,0
0,13,4,227,319,2,0,0
0,13,5,278,340,0,0,0
0,14,1,122,372,1,1,0
0,14,2,169,376,1,1,0
0,14,3,217,376,0,1,0
0,14,4,226,319,1,0,0
0,14,5,278,340,0,0,0
0,15,1,121,372,0,1,0
0,15,2,169,376,1,1,0
0,15,3,217,377,2,1,0
0,15,4,226,318,2,0,0
0,15,5,278,340,1,0,0
0,16,1,122,372,0,1,0
0,16,2,169,375,3,1,0
0,16,3,217,378,1,1,0
0,16,4,226,318,0,0,0
0,16,5,278,341,2,0,0
0,17,1,121,372,0,1,0
0,17,2,169,374,2,1,0
0,17,3,217,378,0,1,0
0,17,4,225,317,2,0,0
0,17,5,277,342,2,0,0
0,18,1,121,372,0,1,0
0,18,2,169,374,1,1,0
0,18,3,217,378,1,1,0
0,18,4,225,317,1,0,0
0,18,5,277,342,1,0,0
0,19,1,121,372,0,1,0
0,19,2,169,374,0,1,0
0,19,3,218,378,0,1,0
0,19,4,224,318,1,0,0
0,19,5,276,342,1,0,0
0,20,1,122,372,0,1,0
0,20,2,169,373,1,1,0
0,20,3,217,378,0,1,0
0,20,4,224,317,1,0,0
0,20,5,276,342,1,0,0
0,21,1,122,372,0,1,0
0,21,2,169,373,1,1,0
0,21,3,217,378,0,1,0
0,21,4,223,317,1,0,0
0,21,5,275,343,1,0,0
0,22,1,121,371,1,1,0
0,22,2,169,373,1,1,0
0,22,3,217,378,0,1,0
0,22,4,223,317,0,0,0
0,22,5,274,342,3,0,0
0,23,1,122,372,1,1,0
0,23,2,169,373,0,1,0
0,23,3,218,378,0,1,0
0,23,4,223,317,1,0,0
0,23,5,274,342,0,0,0
0,24,1,122,372,0,1,0
0,24,2,169,372,1,1,0
0,24,3,218,378,0,1,0
0,24,4,224,318,1,0,0
0,24,5,274,342,1,0,0
0,25,1,122,372,1,1,0
0,25,2,169,372,1,1,0
0,25,3,218,378,0,1,0
0,25,4,223,316,2,0,0
0,25,5,275,342,0,0,0
0,26,1,122,372,0,1,0
0,26,2,169,371,2,1,0
0,26,3,218,378,0,1,0
0,26,4,223,316,1,0,0
0,26,5,275,342,1,0,0
0,27,1,122,372,0,1,0
0,27,2,169,371,0,1,0
0,27,3,218,378,0,1,0
0,27,4,223,316,1,0,0
0,27,5,275,342,0,0,0
0,28,1,122,372,0,1,0
0,28,2,170,371,0,1,0
0,28,3,218,378,0,1,0
0,28,4,223,316,0,0,0
0,28,5,275,342,0,0,0
0,29,1,121,373,3,1,0
0,29,2,170,370,1,1,0
0,29,3,218,378,1,1,0
0,29,4,222,316,1,0,0
0,29,5,275,343,2,0,0
0,30,1,121,373,0,1,0
0,30,2,170,371,0,1,0
0,30,3,218,377,0,1,0
0,30,4,222,317,3,0,0
0,30,5,275,343,1,0,0
0,31,1,121,373,0,1,0
0,31,2,170,371,0,1,0
0,31,3,218,377,0,1,0
0,31,4,222,316,2,0,0
0,31,5,275,343,1,0,0
0,32,1,121,373,0,1,0
0,32,2,170,369,3,1,0
0,32,3,218,377,0,1,0
0,32,4,222,317,1,0,0
0,32,5,275,343,0,0,0
0,33,1,121,372,1,1,0
0,33,2,170,369,1,1,0
0,33,3,218,377,0,1,0
0,33,4,221,317,1,0,0
0,33,5,275,342,0,0,0
0,34,1,121,372,0,1,0
0,34,2,170,370,2,1,0
0,34,3,218,377,0,1,0
0,34,4,221,316,1,0,0
0,34,5,274,342,1,0,0
0,35,1,121,372,0,1,0
0,35,2,170,369,2,1,0
0,35,3,218,377,0,1,0
0,35,5,275,343,1,0,0
0,36,1,121,372,0,1,0
0,36,2,169,369,0,1,0
0,36,3,218,377,0,1,0
0,36,5,275,343,1,0,0
0,37,1,121,373,0,1,0
0,37,2,170,368,0,1,0
0,37,3,218,377,0,1,0
0,37,5,274,344,0,0,0
0,38,1,120,373,0,1,0
0,38,2,169,368,1,1,0
0,38,3,218,377,0,1,0
0,38,5,274,344,1,0,0
0,39,1,120,373,0,1,0
0,39,2,170,368,0,1,0
0,39,3,218,377,0,1,0
0,39,5,274,345,2,0,0
0,40,1,120,373,0,1,0
0,40,2,169,368,0,1,0
0,40,3,218,377,0,1,0
0,40,5,273,345,2,0,0
0,41,1,120,373,0,1,0
0,41,2,169,368,1,1,0
0,41,3,217,377,1,1,0
0,41,5,272,345,1,0,0
0,42,1,120,373,1,1,0
0,42,2,168,368,2,1,0
0,42,3,217,377,0,1,0
0,42,5,272,345,1,0,0
0,43,1,120,372,1,1,0
0,43,2,168,368,1,1,0
0,43,3,217,377,0,1,0
0,43,5,272,345,1,0,0
0,44,1,121,371,3,1,0
0,44,2,167,368,2,1,0
0,44,3,217,378,1,1,0
0,44,5,271,345,1,0,0
0,45,1,121,372,1,1,0
0,45,2,167,369,1,1,0
0,45,3,217,378,1,1,0
0,45,5,271,345,0,0,0
0,46,1,121,372,0,1,0
0,46,2,166,368,2,1,0
0,46,3,217,378,0,1,0
0,46,5,271,347,3,0,0
0,47,1,121,372,0,1,0
0,47,2,166,367,2,1,0
0,47,3,217,378,0,1,0
0,47,5,271,347,1,0,0
0,48,1,121,372,0,1,0
0,48,2,166,367,0,1,0
0,48,3,217,378,1,1,0
0,48,5,270,348,1,0,0
0,49,1,121,372,1,1,0
0,49,2,165,367,0,1,0
0,49,3,217,378,0,1,0
0,49,5,270,348,0,0,0
0,50,1,121,372,0,1,0
0,50,2,165,367,0,1,0
0,50,3,217,378,0,1,0
0,50,5,270,348,1,0,0
0,51,1,121,372,0,1,0
0,51,2,165,367,0,1,0
0,51,3,217,377,0,1,0
0,51,5,270,348,0,0,0
0,52,1,121,372,0,1,0
0,52,2,165,366,2,1,0
0,52,3,217,377,1,1,0
0,52,5,270,348,1,0,0
0,53,1,121,372,1,1,0
0,53,2,165,366,0,1,0
0,53,3,217,377,0,1,0
0,53,5,270,348,0,0,0
0,54,1,120,371,1,1,0
0,54,2,165,366,1,1,0
0,54,3,217,377,1,1,0
0,54,5,270,348,0,0,0
0,55,1,120,370,2,1,0
0,55,2,165,365,2,1,0
0,55,3,216,378,1,1,0
0,55,5,270,349,2,0,0
0,56,1,119,369,3,1,0
0,56,2,164,364,3,1,0
0,56,3,217,378,1,1,0
0,56,5,270,349,0,0,0
0,57,1,118,369,1,1,0
0,57,2,164,364,1,1,0
0,57,3,217,378,0,1,0
0,57,5,270,350,0,0,0
0,58,1,119,368,2,1,0
0,58,2,165,363,1,1,0
0,58,3,217,378,0,1,0
0,58,5,271,352,6,1,0
0,59,1,118,368,1,1,0
0,59,2,165,364,0,1,0
0,59,3,217,378,0,1,0
0,59,5,271,353,3,1,0
0,60,1,116,364,11,1,0
0,60,2,164,363,2,1,0
0,60,3,217,378,1,1,0
0,60,5,271,354,2,1,0
0,61,1,115,363,3,1,0
0,61,2,163,362,1,1,0
0,61,3,216,379,1,1,0
0,61,5,271,355,2,1,0
0,62,1,114,362,1,1,0
0,62,2,163,363,1,1,0
0,62,3,216,379,1,1,0
0,62,5,271,356,2,1,0
0,63,1,114,362,1,1,0
0,63,2,163,362,1,1,0
0,63,3,216,379,0,1,0
0,63,5,271,356,2,1,0
0,64,1,114,362,0,1,0
0,64,2,163,362,0,1,0
0,64,3,216,379,0,1,0
0,64,5,270,356,2,1,0
0,65,1,113,361,1,1,0
0,65,2,162,362,0,1,0
0,65,3,216,379,0,1,0
0,65,5,269,356,1,1,0
0,66,1,113,362,0,1,0
0,66,2,162,362,0,1,0
0,66,3,217,379,0,1,0
0,66,5,270,356,0,1,0
0,67,1,113,361,0,1,0
0,67,2,162,362,0,1,0
0,67,3,216,379,0,1,0
0,67,5,270,358,5,1,0
0,68,1,114,361,0,1,0
0,68,2,161,362,1,1,0
0,68,3,217,379,0,1,0
0,68,5,270,358,0,1,0
0,69,1,113,361,0,1,0
0,69,2,161,362,0,1,0
0,69,3,217,379,0,1,0
0,69,5,269,358,1,1,0
0,70,1,113,361,1,1,0
0,70,2,161,361,0,1,0
0,70,3,217,379,0,1,0
0,70,5,269,359,1,1,0
0,71,1,113,361,0,1,0
0,71,2,161,361,0,1,0
0,71,5,269,359,1,1,0
0,72,1,112,361,1,1,0
0,72,2,161,361,1,1,0
0,72,5,269,359,1,1,0
0,73,1,112,362,1,1,0
0,73,2,161,361,0,1,0
0,73,5,269,360,2,1,0
0,74,1,112,362,0,1,0
0,74,2,161,361,0,1,0
0,74,5,269,361,2,1,0
0,75,1,112,362,0,1,0
0,75,2,162,361,0,1,0
0,75,5,269,360,1,1,0
0,75,3,217,380,0,1,0
0,76,1,112,362,0,1,0
0,76,2,162,359,4,1,0
0,76,5,269,360,1,1,0
0,77,1,112,361,1,1,0
0,77,2,162,358,1,1,0
0,77,5,271,361,5,1,0
0,78,1,111,360,1,1,0
0,78,2,162,359,3,1,0
0,78,5,271,361,1,1,0
0,79,1,111,360,0,1,0
0,79,2,161,358,3,1,0
0,79,5,272,361,2,1,0
0,80,1,110,360,1,1,0
0,80,2,161,358,1,1,0
0,80,5,272,363,4,1,0
0,81,1,110,360,0,1,0
0,81,2,161,357,0,1,0
0,81,5,273,363,1,1,0
0,82,1,110,360,0,1,0
0,82,2,161,357,0,1,0
0,82,5,273,364,2,1,0
0,83,1,110,359,1,1,0
0,83,2,161,357,1,1,0
0,83,5,273,365,2,1,0
0,84,1,109,359,1,1,0
0,84,2,161,357,0,1,0
0,84,5,274,365,2,1,0
0,85,1,109,358,0,1,0
0,85,2,161,357,0,1,0
0,85,5,274,366,0,1,0
0,85,3,214,321,0,0,0
0,86,1,109,358,0,1,0
0,86,2,162,357,0,1,0
0,86,5,274,366,2,1,0
0,86,3,214,323,2,0,0
0,87,1,109,358,0,1,0
0,87,2,161,357,1,1,0
0,87,5,275,366,1,1,0
0,87,3,213,322,2,0,0
0,88,1,109,358,0,1,0
0,88,2,161,356,1,1,0
0,88,5,275,366,2,1,0
0,89,1,109,359,0,1,0
0,89,2,161,356,0,1,0
0,89,5,276,366,1,1,0
0,90,1,109,359,0,1,0
0,90,2,161,356,0,1,0
0,90,5,276,366,0,1,0
0,91,1,110,359,2,1,0
0,91,2,162,356,1,1,0
0,91,5,276,366,0,1,0
0,92,1,110,358,1,1,0
0,92,2,162,356,0,1,0
0,92,5,276,366,0,1,0
0,93,1,109,358,1,1,0
0,93,2,162,355,0,1,0
0,93,5,276,366,0,1,0
0,94,1,109,358,0,1,0
0,94,2,162,355,0,1,0
0,94,5,276,366,0,1,0
0,94,6,221,379,0,1,0
0,94,7,85,309,0,0,0
0,95,1,108,358,1,1,0
0,95,2,162,355,0,1,0
0,95,5,276,367,4,1,0
0,95,6,221,379,2,1,0
0,95,7,86,309,1,0,0
0,96,1,108,358,0,1,0
0,96,2,162,355,0,1,0
0,96,5,276,368,1,1,0
0,96,6,221,378,0,1,0
0,96,7,87,311,2,0,0
0,97,1,109,358,1,1,0
0,97,2,162,355,0,1,0
0,97,5,276,368,0,1,0
0,97,6,221,378,1,1,0
0,97,7,87,310,1,0,0
0,98,1,109,358,0,1,0
0,98,2,162,356,0,1,0
0,98,5,276,368,0,1,0
0,98,6,221,378,0,1,0
0,98,7,87,310,1,0,0
0,99,1,108,358,0,1,0
0,99,2,162,356,0,1,0
0,99,5,277,369,2,1,0
0,99,6,221,378,0,1,0
0,99,7,87,310,1,0,0
0,100,1,108,358,0,1,0
0,100,2,162,356,0,1,0
0,100,5,277,369,0,1,0
0,100,6,220,378,0,1,0
0,100,7,86,310,1,0,0
0,101,1,108,358,0,1,0
0,101,2,162,355,0,1,0
0,101,5,277,369,0,1,0
0,101,6,220,378,1,1,0
0,101,7,86,309,1,0,0
0,102,1,108,358,0,1,0
0,102,2,162,355,0,1,0
0,102,5,277,369,1,1,0
0,102,6,220,377,1,1,0
0,102,7,86,309,0,0,0
0,103,1,108,358,0,1,0
0,103,2,161,355,0,1,0
0,103,5,276,369,0,1,0
0,103,6,220,378,0,1,0
0,103,7,86,309,1,0,0
0,104,1,108,358,0,1,0
0,104,2,161,355,0,1,0
0,104,5,276,369,0,1,0
0,104,6,220,378,1,1,0
0,104,7,86,309,0,0,0
0,105,1,108,358,0,1,0
0,105,2,161,355,0,1,0
0,105,5,276,369,0,1,0
0,105,6,220,378,0,1,0
0,105,7,86,309,0,0,0
0,106,1,108,358,0,1,0
0,106,2,161,355,0,1,0
0,106,5,276,369,0,1,0
0,106,6,220,378,1,1,0
0,106,7,87,310,2,0,0
0,107,1,108,358,0,1,0
0,107,2,162,355,0,1,0
0,107,5,276,369,1,1,0
0,107,6,221,378,0,1,0
0,107,7,87,310,0,0,0
0,108,1,108,358,0,1,0
0,108,2,162,355,0,1,0
0,108,5,276,369,1,1,0
0,108,6,221,378,0,1,0
0,108,7,87,310,0,0,0
0,109,1,108,357,0,1,0
0,109,2,162,356,0,1,0
0,109,5,275,369,0,1,0
0,109,6,221,378,0,1,0
0,109,7,87,310,0,0,0
0,110,1,108,357,0,1,0
0,110,2,162,355,0,1,0
0,110,5,275,369,0,1,0
0,110,6,221,378,0,1,0
0,110,7,85,308,4,0,0
0,111,1,108,358,0,1,0
0,111,2,162,355,0,1,0
0,111,5,275,369,1,1,0
0,111,6,221,377,1,1,0
0,111,7,83,303,8,0,0
0,112,1,108,357,0,1,0
0,112,2,161,355,0,1,0
0,112,5,275,369,1,1,0
0,112,6,221,377,0,1,0
0,112,7,83,301,3,0,0
0,113,1,108,357,0,1,0
0,113,2,161,355,0,1,0
0,113,5,275,369,1,1,0
0,113,6,221,377,0,1,0
0,113,7,83,301,0,0,0
0,114,1,108,357,0,1,0
0,114,2,162,356,0,1,0
0,114,5,275,369,0,1,0
0,114,6,221,377,0,1,0
0,114,7,84,303,3,0,0
0,115,1,108,357,0,1,0
0,115,2,161,355,0,1,0
0,115,5,276,369,0,1,0
0,115,6,221,377,0,1,0
0,116,1,108,357,0,1,0
0,116,2,161,355,0,1,0
0,116,5,276,369,0,1,0
0,116,6,221,377,0,1,0
0,117,1,108,357,0,1,0
0,117,2,161,355,0,1,0
0,117,5,275,368,3,1,0
0,117,6,221,377,0,1,0
0,118,1,108,357,0,1,0
0,118,2,161,355,0,1,0
0,118,5,275,368,0,1,0
0,118,6,221,378,1,1,0
0,119,1,108,356,1,1,0
0,119,2,161,355,0,1,0
0,119,5,275,368,0,1,0
0,119,6,221,377,1,1,0
0,120,1,108,356,0,1,0
0,120,2,161,355,0,1,0
0,120,5,275,367,0,1,0
0,120,6,221,377,0,1,0
0,121,1,109,356,1,1,0
0,121,2,161,355,0,1,0
0,121,5,275,367,1,1,0
0,121,6,221,377,0,1,0
0,122,1,109,356,0,1,0
0,122,2,161,355,0,1,0
0,122,5,275,366,1,1,0
0,122,6,222,377,0,1,0
0,123,1,109,357,0,1,0
0,123,2,161,355,0,1,0
0,123,5,275,366,1,1,0
0,123,6,222,377,0,1,0
0,124,1,109,357,0,1,0
0,124,2,161,355,0,1,0
0,124,5,274,365,2,1,0
0,124,6,222,377,0,1,0
0,125,1,109,357,1,1,0
0,125,2,161,355,0,1,0
0,125,5,273,365,2,1,0
0,125,6,221,378,1,1,0
0,126,1,109,357,0,1,0
0,126,2,161,355,0,1,0
0,126,5,274,364,2,1,0
0,126,6,221,378,0,1,0
0,127,1,109,357,0,1,0
0,127,2,161,355,0,1,0
0,127,5,274,364,0,1,0
0,127,6,221,378,0,1,0
0,128,1,109,357,0,1,0
0,128,2,161,355,0,1,0
0,128,5,274,364,1,1,0
0,128,6,222,378,0,1,0
0,129,1,109,356,2,1,0
0,129,2,160,355,2,1,0
0,129,5,273,366,8,1,0
0,129,6,222,379,0,1,0
0,130,1,109,356,0,1,0
0,130,2,160,355,1,1,0
0,130,5,273,366,1,1,0
0,130,6,222,379,0,1,0
0,131,1,109,356,0,1,0
0,131,2,160,355,0,1,0
0,131,5,273,367,1,1,0
0,131,6,222,379,0,1,0
0,132,1,109,356,0,1,0
0,132,2,160,355,0,1,0
0,132,5,273,366,2,1,0
0,132,6,222,379,0,1,0
0,133,1,109,356,1,1,0
0,133,2,160,355,0,1,0
0,133,5,273,365,3,1,0
0,133,6,222,379,0,1,0
0,134,1,109,357,1,1,0
0,134,2,160,355,0,1,0
0,134,5,272,365,2,1,0
0,134,6,222,378,0,1,0
0,135,1,109,356,0,1,0
0,135,2,160,355,0,1,0
0,135,5,271,365,3,1,0
0,135,6,222,378,0,1,0
0,136,1,110,357,2,1,0
0,136,2,160,355,0,1,0
0,136,5,269,365,8,1,0
0,136,6,222,379,1,1,0
0,137,1,110,358,1,1,0
0,137,2,160,355,0,1,0
0,137,5,266,364,8,1,0
0,137,6,222,379,1,1,0
0,138,1,110,358,0,1,0
0,138,2,160,355,0,1,0
0,138,6,222,379,0,1,0
0,139,1,110,358,0,1,0
0,139,2,160,355,0,1,0
0,139,6,222,379,0,1,0
0,140,1,110,358,1,1,0
0,140,2,160,355,1,1,0
0,140,6,221,379,2,1,0
0,141,1,110,359,2,1,0
0,141,2,160,355,0,1,0
0,142,1,111,359,1,1,0
0,142,2,160,355,0,1,0
0,143,1,112,361,3,1,0
0,143,2,160,355,0,1,0
0,144,1,112,361,1,1,0
0,144,2,160,355,0,1,0
0,144,5,254,353,0,1,0
0,145,1,112,362,1,1,0
0,145,2,160,355,0,1,0
0,145,5,253,353,1,1,0
0,146,1,113,362,0,1,0
0,146,2,160,355,0,1,0
0,146,5,253,352,2,0,0
0,147,1,113,362,0,1,0
0,147,2,159,355,1,1,0
0,147,5,253,352,2,0,0
0,148,1,113,363,1,1,0
0,148,2,159,355,0,1,0
0,148,5,254,351,4,0,0
0,148,6,219,380,0,1,0
0,149,1,113,364,1,1,0
0,149,2,159,355,1,1,0
0,149,5,252,347,12,0,0
0,150,1,115,367,9,1,0
0,150,2,159,355,0,1,0
0,150,5,253,347,3,0,0
0,151,1,114,364,6,1,0
0,151,2,159,355,0,1,0
0,151,5,255,347,5,0,0
0,152,1,113,363,3,1,0
0,152,2,159,355,0,1,0
0,152,5,255,347,0,0,0
0,153,1,113,363,1,1,0
0,153,2,159,355,0,1,0
0,153,5,257,348,5,0,0
0,154,1,113,362,1,1,0
0,154,2,159,355,0,1,0
0,154,5,258,347,3,0,0
0,155,1,113,361,2,1,0
0,155,2,159,356,0,1,0
0,155,5,261,347,8,0,0
0,155,6,219,379,0,1,0
0,156,1,112,361,1,1,0
0,156,2,159,356,0,1,0
0,156,5,263,348,7,0,0
0,156,6,219,379,0,1,0
0,157,1,112,361,0,1,0
0,157,2,159,356,0,1,0
0,157,5,265,349,5,0,0
0,157,6,219,380,0,1,0
0,158,1,112,360,1,1,0
0,158,2,160,356,0,1,0
0,158,5,265,349,1,0,0
0,158,6,219,379,0,1,0
0,159,1,112,360,0,1,0
0,159,2,160,356,0,1,0
0,159,5,264,348,3,0,0
0,159,6,219,379,0,1,0
0,160,1,112,361,1,1,0
0,160,2,160,356,0,1,0
0,160,5,264,348,0,0,0
0,160,6,219,379,0,1,0
0,161,1,113,361,1,1,0
0,161,2,160,356,0,1,0
0,161,5,264,349,1,0,0
0,161,6,220,379,0,1,0
0,162,1,113,361,0,1,0
0,162,2,160,355,0,1,0
0,162,5,264,350,2,0,0
0,162,6,219,379,0,1,0
0,163,1,113,361,1,1,0
0,163,2,160,355,0,1,0
0,163,5,266,351,5,0,0
0,163,6,219,379,0,1,0
0,164,1,112,361,1,1,0
0,164,2,160,355,0,1,0
0,164,5,267,352,3,0,0
0,164,6,219,379,0,1,0
0,165,1,112,361,0,1,0
0,165,2,160,355,0,1,0
0,165,5,267,352,1,0,0
0,165,6,219,379,0,1,0
0,166,1,113,361,1,1,0
0,166,2,160,355,1,1,0
0,166,5,268,352,2,1,0
0,166,6,219,379,0,1,0
0,167,1,113,362,1,1,0
0,167,2,160,355,0,1,0
0,167,5,268,352,1,1,0
0,167,6,219,379,0,1,0
0,168,1,113,362,0,1,0
0,168,2,159,355,0,1,0
0,168,5,268,352,0,1,0
0,168,6,219,379,0,1,0
0,169,1,113,362,0,1,0
0,169,2,159,355,0,1,0
0,169,5,268,352,1,1,0
0,169,6,219,379,0,1,0
0,170,1,113,361,0,1,0
0,170,2,159,355,0,1,0
0,170,5,266,351,6,0,0
0,170,6,219,379,0,1,0
0,171,1,113,361,0,1,0
0,171,2,159,355,0,1,0
0,171,5,265,351,3,0,0
0,171,6,219,379,0,1,0
0,172,1,113,361,0,1,0
0,172,2,159,354,0,1,0
0,172,5,264,350,1,0,0
0,172,6,219,379,0,1,0
0,173,1,113,361,0,1,0
0,173,2,159,354,0,1,0
0,173,5,265,350,2,0,0
0,173,6,218,379,0,1,0
0,174,1,113,360,1,1,0
0,174,2,160,355,0,1,0
0,174,5,265,349,1,0,0
0,174,6,218,379,0,1,0
0,175,1,113,360,1,1,0
0,175,2,160,355,0,1,0
0,175,5,265,349,0,0,0
0,175,6,218,379,0,1,0
0,176,1,112,360,1,1,0
0,176,2,160,355,0,1,0
0,176,5,264,349,1,0,0
0,176,6,218,378,0,1,0
0,177,1,112,360,0,1,0
0,177,2,160,355,0,1,0
0,177,5,264,349,2,0,0
0,177,6,218,379,1,1,0
0,178,1,112,360,1,1,0
0,178,2,160,355,0,1,0
0,178,5,264,350,2,0,0
0,178,6,219,379,0,1,0
0,179,1,112,361,1,1,0
0,179,2,161,355,0,1,0
0,179,5,267,352,10,1,0
0,179,6,219,379,0,1,0
0,180,1,112,361,1,1,0
0,180,2,161,355,0,1,0
0,180,5,267,352,1,1,0
0,180,6,219,379,0,1,0
0,181,1,112,361,0,1,0
0,181,2,160,355,0,1,0
0,181,5,265,351,7,0,0
0,181,6,218,379,1,1,0
0,182,1,112,360,2,1,0
0,182,2,160,354,0,1,0
0,182,5,264,350,2,0,0
0,182,6,218,379,0,1,0
0,183,1,111,359,2,1,0
0,183,2,161,354,1,1,0
0,183,5,264,349,1,0,0
0,183,6,219,379,0,1,0
0,184,1,110,360,4,1,0
0,184,2,161,354,0,1,0
0,184,5,264,348,2,0,0
0,184,6,219,379,0,1,0
0,185,1,110,360,2,1,0
0,185,2,161,355,1,1,0
0,185,5,264,348,0,0,0
0,185,6,219,379,0,1,0
0,186,1,109,360,2,1,0
0,186,2,161,355,0,1,0
0,186,5,264,349,0,0,0
0,186,6,219,379,0,1,0
0,187,1,109,359,3,1,0
0,187,2,161,355,0,1,0
0,187,5,263,348,2,0,0
0,187,6,219,379,0,1,0
0,188,1,110,359,0,1,0
0,188,2,161,355,0,1,0
0,188,5,265,349,5,0,0
0,188,6,219,379,0,1,0
0,189,1,109,359,1,1,0
0,189,2,161,355,0,1,0
0,189,5,265,349,1,0,0
0,189,6,220,379,1,1,0
0,190,1,109,358,0,1,0
0,190,2,161,355,0,1,0
0,190,5,267,351,7,0,0
0,190,6,220,379,0,1,0
0,191,1,108,359,2,1,0
0,191,2,161,355,0,1,0
0,191,5,267,351,1,0,0
0,191,6,220,378,1,1,0
0,192,1,108,359,0,1,0
0,192,2,161,355,0,1,0
0,192,5,268,352,2,0,0
0,192,6,220,378,0,1,0
0,192,8,83,296,0,0,0
0,193,1,108,358,0,1,0
0,193,2,161,355,0,1,0
0,193,5,270,352,4,1,0
0,193,6,220,379,0,1,0
0,193,8,82,297,1,0,0
0,194,1,108,358,0,1,0
0,194,2,161,355,0,1,0
0,194,5,270,352,0,1,0
0,194,6,220,379,0,1,0
0,194,8,83,298,1,0,0
0,195,1,109,358,0,1,0
0,195,2,162,355,0,1,0
0,195,5,272,353,6,1,0
0,195,6,220,379,1,1,0
0,195,8,82,297,1,0,0
0,196,1,109,358,0,1,0
0,196,2,162,355,0,1,0
0,196,5,273,353,4,1,0
0,196,6,220,379,1,1,0
0,197,1,109,358,0,1,0
0,197,2,162,355,0,1,0
0,197,5,273,353,0,1,0
0,197,6,219,379,1,1,0
0,198,1,109,358,0,1,0
0,198,2,162,355,0,1,0
0,198,5,274,352,2,1,0
0,198,6,219,379,0,1,0
0,199,1,109,358,0,1,0
0,199,2,162,355,0,1,0
0,199,5,274,351,4,0,0
0,199,6,219,379,1,1,0
0,200,1,109,358,0,1,0
0,200,2,162,355,0,1,0
0,200,5,274,350,2,0,0
0,200,6,219,379,1,1,0
0,201,1,108,358,1,1,0
0,201,2,162,355,0,1,0
0,201,5,273,349,3,0,0
0,201,6,219,379,0,1,0
0,202,1,108,357,0,1,0
0,202,2,162,355,0,1,0
0,202,5,273,348,2,0,0
0,202,6,219,379,0,1,0
0,203,1,108,357,0,1,0
0,203,2,161,355,1,1,0
0,203,5,272,348,2,0,0
0,203,6,219,379,0,1,0
0,204,1,108,357,0,1,0
0,204,2,161,355,0,1,0
0,204,5,272,347,3,0,0
0,204,6,218,379,0,1,0
0,205,1,108,357,0,1,0
0,205,2,161,354,0,1,0
0,205,5,272,345,5,0,0
0,205,6,218,379,0,1,0
0,206,1,108,357,2,1,0
0,206,2,161,354,0,1,0
0,206,5,273,343,3,0,0
0,206,6,218,379,0,1,0
0,207,1,109,357,1,1,0
0,207,2,161,354,0,1,0
0,207,5,273,342,4,0,0
0,207,6,218,379,0,1,0
0,208,1,109,357,1,1,0
0,208,2,161,354,0,1,0
0,208,5,272,341,1,0,0
0,208,6,218,379,0,1,0
0,209,1,109,357,0,1,0
0,209,2,161,354,0,1,0
0,209,5,274,340,4,0,0
0,209,6,218,379,0,1,0
0,210,1,109,357,0,1,0
0,210,2,161,354,0,1,0
0,210,5,274,340,0,0,0
0,210,6,218,379,0,1,0
0,211,1,108,357,1,1,0
0,211,2,161,354,0,1,0
0,211,5,274,339,2,0,0
0,211,6,218,379,1,1,0
0,212,1,108,357,1,1,0
0,212,2,161,354,0,1,0
0,212,5,273,339,1,0,0
0,212,6,219,379,0,1,0
0,213,1,107,357,2,1,0
0,213,2,161,354,0,1,0
0,213,5,274,339,2,0,0
0,213,6,219,378,0,1,0
0,214,1,106,357,1,1,0
0,214,2,161,354,0,1,0
0,214,5,275,339,1,0,0
0,214,6,219,378,0,1,0
0,215,1,106,357,1,1,0
0,215,2,161,355,1,1,0
0,215,5,273,339,3,0,0
0,215,6,219,378,0,1,0
0,216,1,105,357,1,1,0
0,216,2,161,355,0,1,0
0,216,5,273,339,1,0,0
0,216,6,219,378,0,1,0
0,217,1,106,358,1,1,0
0,217,2,162,355,0,1,0
0,217,5,274,338,4,0,0
0,217,6,219,378,0,1,0
0,218,1,106,358,0,1,0
0,218,2,162,355,0,1,0
0,218,5,275,339,2,0,0
0,218,6,219,378,0,1,0
0,219,1,106,358,1,1,0
0,219,2,162,355,0,1,0
0,219,5,275,338,2,0,0
0,219,6,219,378,0,1,0
0,220,1,106,358,0,1,0
0,220,2,162,354,0,1,0
0,220,5,275,338,1,0,0
0,220,6,219,377,1,1,0
0,221,1,107,358,0,1,0
0,221,2,162,355,0,1,0
0,221,5,275,339,1,0,0
0,221,6,219,378,0,1,0
0,222,1,107,358,0,1,0
0,222,2,162,355,0,1,0
0,222,5,275,339,2,0,0
0,222,6,220,377,1,1,0
0,223,1,107,358,0,1,0
0,223,2,162,355,0,1,0
0,223,5,277,338,6,0,0
0,223,6,220,377,0,1,0
0,224,1,107,358,1,1,0
0,224,2,162,355,0,1,0
0,224,5,279,338,4,0,0
0,224,6,220,377,1,1,0
0,225,1,107,358,0,1,0
0,225,2,162,357,5,1,0
0,225,5,279,338,1,0,0
0,225,6,220,377,0,1,0
0,226,1,107,358,1,1,0
0,226,2,162,356,4,1,0
0,226,5,281,338,6,0,0
0,226,6,220,377,1,1,0
0,227,1,107,357,1,1,0
0,227,2,162,355,1,1,0
0,227,5,282,338,3,0,0
0,227,6,220,377,0,1,0
0,228,1,107,357,1,1,0
0,228,2,162,355,1,1,0
0,228,5,283,339,3,0,0
0,228,6,220,377,0,1,0
0,229,1,107,357,0,1,0
0,229,2,163,354,1,1,0
0,229,5,284,339,4,0,0
0,229,6,220,378,0,1,0
0,230,1,107,357,0,1,0
0,230,2,163,354,0,1,0
0,230,5,286,338,6,0,0
0,230,6,220,378,0,1,0
0,231,1,107,357,0,1,0
0,231,2,162,354,0,1,0
0,231,5,287,338,5,0,0
0,231,6,220,378,0,1,0
0,232,1,108,358,1,1,0
0,232,2,163,354,0,1,0
0,232,5,289,338,5,0,0
0,232,6,220,378,0,1,0
0,233,1,108,358,1,1,0
0,233,2,163,354,0,1,0
0,233,5,290,338,2,0,0
0,233,6,220,378,0,1,0
0,234,1,109,357,0,1,0
0,234,2,163,355,0,1,0
0,234,5,289,338,0,0,0
0,234,6,220,378,0,1,0
0,235,1,109,357,0,1,0
0,235,2,163,355,0,1,0
0,235,5,288,339,5,0,0
0,235,6,220,379,0,1,0
0,235,3,221,319,0,0,0
0,236,1,109,358,1,1,0
0,236,2,163,355,0,1,0
0,236,5,286,339,6,0,0
0,236,6,220,378,0,1,0
0,236,3,221,319,1,0,0
0,237,1,109,358,0,1,0
0,237,2,163,355,0,1,0
0,237,5,288,338,7,0,0
0,237,6,220,378,0,1,0
0,237,3,222,318,1,0,0
0,238,1,109,358,0,1,0
0,238,2,163,355,0,1,0
0,238,5,289,338,3,0,0
0,238,6,220,379,1,1,0
0,238,3,222,320,2,0,0
0,239,1,109,358,0,1,0
0,239,2,163,355,0,1,0
0,239,5,290,338,3,0,0
0,239,6,220,379,0,1,0
0,239,3,222,320,1,0,0
0,240,1,109,358,0,1,0
0,240,2,163,355,0,1,0
0,240,5,290,337,1,0,0
0,240,6,220,379,0,1,0
0,240,3,222,321,1,0,0
0,241,1,109,358,0,1,0
0,241,2,163,355,0,1,0
0,241,5,290,336,1,0,0
0,241,6,220,379,0,1,0
0,241,3,222,321,0,0,0
0,242,1,109,358,0,1,0
0,242,2,163,355,0,1,0
0,242,5,290,336,1,0,0
0,242,6,220,379,0,1,0
0,242,3,222,321,0,0,0
0,243,1,109,358,0,1,0
0,243,2,163,355,0,1,0
0,243,5,290,336,1,0,0
0,243,6,219,379,0,1,0
0,243,3,221,320,1,0,0
0,244,1,110,358,0,1,0
0,244,2,163,355,0,1,0
0,244,5,291,336,1,0,0
0,244,6,219,379,0,1,0
0,244,3,221,321,0,0,0
0,245,1,110,358,1,1,0
0,245,2,163,355,1,1,0
0,245,5,291,336,0,0,0
0,245,6,219,379,0,1,0
0,245,3,221,322,2,0,0
0,246,1,110,358,0,1,0
0,246,2,163,355,0,1,0
0,246,5,291,336,1,0,0
0,246,6,219,379,0,1,0
0,246,3,221,322,1,0,0
0,247,1,110,358,0,1,0
0,247,2,163,355,0,1,0
0,247,5,291,336,0,0,0
0,247,6,219,379,0,1,0
0,247,3,221,323,0,0,0
0,248,1,110,358,0,1,0
0,248,2,163,356,0,1,0
0,248,5,291,337,1,0,0
0,248,6,219,378,0,1,0
0,248,3,222,323,0,0,0
0,249,1,110,357,0,1,0
0,249,2,163,356,0,1,0
0,249,5,291,337,0,0,0
0,249,6,219,378,0,1,0
0,249,3,222,323,0,0,0
0,250,1,109,358,0,1,0
0,250,2,163,356,0,1,0
0,250,5,290,337,1,0,0
0,250,6,219,378,0,1,0
0,250,3,221,323,0,0,0
0,251,1,109,357,0,1,0
0,251,2,163,356,0,1,0
0,251,5,290,337,1,0,0
0,251,6,219,378,0,1,0
0,251,3,221,323,0,0,0
0,252,1,109,357,0,1,0
0,252,2,163,356,0,1,0
0,252,5,290,338,1,0,0
0,252,6,219,378,0,1,0
0,252,3,221,323,0,0,0
0,253,1,109,357,0,1,0
0,253,2,163,356,0,1,0
0,253,5,290,338,1,0,0
0,253,6,219,378,1,1,0
0,253,3,221,323,0,0,0
0,254,1,109,357,0,1,0
0,254,2,163,356,0,1,0
0,254,5,291,339,1,0,0
0,254,6,220,378,0,1,0
0,254,3,221,322,1,0,0
0,255,1,109,357,0,1,0
0,255,2,163,355,0,1,0
0,255,5,291,338,1,0,0
0,255,6,220,378,1,1,0
0,255,3,221,322,0,0,0
0,256,1,109,357,1,1,0
0,256,2,163,356,0,1,0
0,256,5,290,338,1,0,0
0,256,6,221,378,2,1,0
0,256,3,220,322,2,0,0
0,257,1,108,357,1,1,0
0,257,2,163,355,1,1,0
0,257,5,290,339,1,0,0
0,257,6,221,378,0,1,0
0,258,1,108,356,0,1,0
0,258,2,163,356,0,1,0
0,258,5,291,339,0,0,0
0,258,6,221,377,2,1,0
0,259,1,108,356,0,1,0
0,259,2,163,355,0,1,0
0,259,5,290,339,1,0,0
0,259,6,221,377,1,1,0
0,260,1,108,356,0,1,0
0,260,2,163,355,0,1,0
0,260,5,291,339,1,0,0
0,260,6,222,377,0,1,0
0,261,1,108,356,0,1,0
0,261,2,163,355,0,1,0
0,261,5,291,339,0,0,0
0,261,6,222,377,0,1,0
0,262,1,109,356,1,1,0
0,262,2,163,356,0,1,0
0,262,5,290,339,1,0,0
0,262,6,222,377,0,1,0
0,263,1,109,357,1,1,0
0,263,2,163,356,0,1,0
0,263,5,289,339,3,0,0
0,263,6,222,377,0,1,0
0,264,1,109,357,0,1,0
0,264,2,163,355,1,1,0
0,264,5,290,339,1,0,0
0,264,6,222,378,0,1,0
0,265,1,109,357,0,1,0
0,265,2,162,355,1,1,0
0,265,5,290,339,1,0,0
0,265,6,222,378,0,1,0
0,266,1,108,357,0,1,0
0,266,2,162,355,0,1,0
0,266,5,291,339,2,0,0
0,266,6,222,378,0,1,0
0,267,1,108,357,0,1,0
0,267,2,162,355,0,1,0
0,267,5,291,339,0,0,0
0,267,6,222,378,0,1,0
0,268,1,108,357,0,1,0
0,268,2,162,355,0,1,0
0,268,5,291,339,2,0,0
0,268,6,222,378,0,1,0
0,268,3,226,318,0,0,0
0,269,1,109,358,1,1,0
0,269,2,162,355,0,1,0
0,269,5,292,340,1,0,0
0,269,6,222,378,0,1,0
0,269,3,226,318,0,0,0
0,270,1,108,357,0,1,0
0,270,2,162,355,0,1,0
0,270,5,292,339,2,0,0
0,270,6,222,379,1,1,0
0,270,3,226,317,1,0,0
0,271,1,108,357,2,1,0
0,271,2,163,355,1,1,0
0,271,5,292,339,2,0,0
0,271,6,222,379,0,1,0
0,271,3,226,317,1,0,0
0,272,1,108,356,1,1,0
0,272,2,163,355,0,1,0
0,272,5,293,339,1,0,0
0,272,6,221,379,0,1,0
0,272,3,226,316,0,0,0
0,273,1,108,356,0,1,0
0,273,2,163,355,0,1,0
0,273,5,293,338,1,0,0
0,273,6,221,379,1,1,0
0,273,3,225,316,0,0,0
0,274,1,109,356,0,1,0
0,274,2,162,355,1,1,0
0,274,5,293,338,0,0,0
0,274,6,221,379,1,1,0
0,274,3,226,317,0,0,0
0,275,1,108,356,0,1,0
0,275,2,162,355,1,1,0
0,275,5,293,338,1,0,0
0,275,6,220,379,1,1,0
0,275,3,225,317,0,0,0
0,276,1,109,356,0,1,0
0,276,2,162,355,0,1,0
0,276,5,293,339,1,0,0
0,276,6,220,379,1,1,0
0,276,3,225,317,0,0,0
0,277,1,109,356,0,1,0
0,277,2,161,355,0,1,0
0,277,5,293,339,1,0,0
0,277,6,220,379,1,1,0
0,277,3,225,317,0,0,0
0,278,1,109,356,0,1,0
0,278,2,161,355,0,1,0
0,278,5,293,340,1,0,0
0,278,3,225,317,0,0,0
0,279,1,109,356,0,1,0
0,279,2,161,355,0,1,0
0,279,5,293,340,0,0,0
0,279,3,225,317,0,0,0
0,279,6,219,379,0,1,0
0,280,1,109,356,0,1,0
0,280,2,161,355,0,1,0
0,280,5,293,340,0,0,0
0,280,3,225,318,0,0,0
0,280,6,219,379,0,1,0
0,281,1,109,356,0,1,0
0,281,2,161,355,0,1,0
0,281,5,293,341,0,0,0
0,281,3,225,318,0,0,0
0,281,6,219,379,0,1,0
0,282,1,109,356,0,1,0
0,282,2,161,355,0,1,0
0,282,5,294,340,0,0,0
0,282,3,225,318,0,0,0
0,282,6,219,379,1,1,0
0,283,1,109,357,0,1,0
0,283,2,160,355,1,1,0
0,283,5,294,340,0,0,0
0,283,3,225,318,1,0,0
0,284,1,109,356,0,1,0
0,284,2,161,355,0,1,0
0,284,5,294,341,1,0,0
0,284,3,225,317,1,0,0
0,284,6,219,379,0,1,0
0,285,1,109,356,0,1,0
0,285,2,161,355,0,1,0
0,285,5,294,341,0,0,0
0,285,3,225,317,0,0,0
0,285,6,218,379,1,1,0
0,286,1,109,357,0,1,0
0,286,2,161,355,0,1,0
0,286,5,294,340,0,0,0
0,286,3,224,316,2,0,0
0,286,6,218,379,0,1,0
0,287,1,109,356,0,1,0
0,287,2,161,355,0,1,0
0,287,5,293,340,1,0,0
0,287,3,224,316,1,0,0
0,287,6,218,379,0,1,0
0,288,1,109,356,0,1,0
0,288,2,161,355,0,1,0
0,288,5,293,339,1,0,0
0,288,3,224,316,1,0,0
0,288,6,218,379,0,1,0
0,289,1,109,356,0,1,0
0,289,2,161,355,0,1,0
0,289,5,293,339,0,0,0
0,289,3,223,316,0,0,0
0,289,6,218,379,0,1,0
0,290,1,109,356,1,1,0
0,290,2,161,355,0,1,0
0,290,5,293,339,0,0,0
0,290,3,223,316,0,0,0
0,290,6,218,379,0,1,0
0,291,1,109,356,0,1,0
0,291,2,160,355,1,1,0
0,291,5,293,339,1,0,0
0,291,3,223,315,1,0,0
0,291,6,218,379,0,1,0
0,292,1,109,355,0,1,0
0,292,2,160,355,0,1,0
0,292,5,292,338,1,0,0
0,292,3,223,316,1,0,0
0,292,6,218,379,0,1,0
0,293,1,109,355,0,1,0
0,293,2,160,355,0,1,0
0,293,5,292,338,0,0,0
0,293,3,223,316,1,0,0
0,293,6,218,379,0,1,0
0,294,1,109,356,0,1,0
0,294,2,160,355,0,1,0
0,294,5,293,339,2,0,0
0,294,3,223,316,0,0,0
0,294,6,219,379,0,1,0
0,295,1,109,356,0,1,0
0,295,2,160,355,0,1,0
0,295,5,293,339,1,0,0
0,295,3,223,316,0,0,0
0,295,6,219,379,0,1,0
0,296,1,109,356,0,1,0
0,296,2,161,355,0,1,0
0,296,5,293,339,1,0,0
0,296,3,223,316,0,0,0
0,296,6,219,379,0,1,0
0,297,1,109,356,0,1,0
0,297,2,161,355,0,1,0
0,297,5,293,341,3,0,0
0,297,3,223,316,1,0,0
0,297,6,219,379,0,1,0
0,298,1,109,356,0,1,0
0,298,2,161,357,3,1,0
0,298,5,293,341,1,0,0
0,298,3,223,316,0,0,0
0,298,6,219,379,0,1,0
0,299,1,109,356,0,1,0
0,299,2,161,357,2,1,0
0,299,5,292,341,1,0,0
0,299,3,223,317,1,0,0
0,299,6,219,379,0,1,0
0,300,1,109,356,0,1,0
0,300,2,161,358,1,1,0
0,300,5,292,341,1,0,0
0,300,3,223,317,0,0,0
0,300,6,219,379,0,1,0
0,301,1,109,356,0,1,0
0,301,2,161,358,0,1,0
0,301,5,292,340,2,0,0
0,301,3,223,317,0,0,0
0,301,6,219,379,0,1,0
0,302,1,109,356,0,1,0
0,302,2,161,358,0,1,0
0,302,5,291,339,1,0,0
0,302,3,223,317,0,0,0
0,302,6,219,379,0,1,0
0,303,1,109,356,0,1,0
0,303,2,161,358,0,1,0
0,303,5,291,339,1,0,0
0,303,3,223,317,0,0,0
0,303,6,219,379,0,1,0
0,304,1,109,356,0,1,0
0,304,2,161,358,0,1,0
0,304,5,291,339,0,0,0
0,304,3,223,317,0,0,0
0,304,6,219,379,0,1,0
0,305,1,110,357,2,1,0
0,305,2,161,356,3,1,0
0,305,5,291,337,3,0,0
0,305,3,222,316,1,0,0
0,305,6,219,379,0,1,0
0,306,1,110,357,0,1,0
0,306,2,161,356,1,1,0
0,306,5,290,337,1,0,0
0,306,3,222,317,0,0,0
0,307,1,111,358,0,1,0
0,307,2,161,356,0,1,0
0,307,5,291,338,1,0,0
0,307,3,222,316,0,0,0
0,307,6,219,380,0,1,0
0,308,1,111,358,1,1,0
0,308,2,161,356,0,1,0
0,308,5,291,339,3,0,0
0,308,3,222,316,0,0,0
0,308,6,219,379,0,1,0
0,309,1,111,359,0,1,0
0,309,2,161,356,0,1,0
0,309,5,291,340,2,0,0
0,309,3,222,316,0,0,0
0,309,6,219,379,0,1,0
0,310,1,112,359,1,1,0
0,310,2,161,356,0,1,0
0,310,5,291,341,2,0,0
0,310,3,222,316,0,0,0
0,310,6,219,379,0,1,0
0,311,1,112,359,1,1,0
0,311,2,161,356,0,1,0
0,311,5,292,341,2,0,0
0,311,3,222,315,1,0,0
0,311,6,219,379,0,1,0
0,312,1,112,360,1,1,0
0,312,2,162,356,0,1,0
0,312,5,292,341,1,0,0
0,312,3,222,315,0,0,0
0,312,6,219,380,0,1,0
0,313,1,113,361,2,1,0
0,313,2,161,356,0,1,0
0,313,5,293,341,0,0,0
0,313,3,222,315,0,0,0
0,313,6,219,380,0,1,0
0,314,1,114,362,2,1,0
0,314,2,162,356,0,1,0
0,314,5,293,341,2,0,0
0,314,3,222,316,0,0,0
0,315,1,114,363,2,1,0
0,315,2,161,358,5,1,0
0,315,5,294,340,2,0,0
0,315,3,222,316,0,0,0
0,316,1,115,363,1,1,0
0,316,2,161,356,4,1,0
0,316,5,294,340,1,0,0
0,316,3,222,316,1,0,0
0,317,1,115,363,1,1,0
0,317,2,161,356,1,1,0
0,317,5,294,339,2,0,0
0,317,3,222,317,1,0,0
0,318,1,115,363,1,1,0
0,318,2,161,356,0,1,0
0,318,5,294,339,1,0,0
0,318,3,222,318,2,0,0
0,319,1,115,364,0,1,0
0,319,2,161,355,0,1,0
0,319,5,294,339,0,0,0
0,319,3,222,318,0,0,0
0,319,6,219,379,0,1,0
0,320,1,116,364,0,1,0
0,320,2,161,355,0,1,0
0,320,5,294,338,0,0,0
0,320,3,222,318,0,0,0
0,320,6,219,379,0,1,0
0,323,1,119,372,22,1,0
0,323,2,164,361,14,1,0
0,324,1,121,375,7,1,0
0,324,2,164,363,5,1,0
0,324,3,198,166,0,0,0
0,324,4,117,97,0,0,1
0,324,5,264,352,0,0,0
0,325,1,121,377,5,1,0
0,325,2,164,363,0,1,0
0,325,3,197,165,0,0,0
0,325,4,118,95,2,0,1
0,325,5,264,351,2,0,0
0,326,1,121,377,0,1,0
0,326,2,165,365,3,1,0
0,326,3,197,165,1,0,0
0,326,4,118,93,2,0,1
0,326,5,264,351,0,0,0
0,327,1,122,377,1,1,0
0,327,2,165,365,0,1,0
0,327,3,197,166,1,0,0
0,327,4,118,92,0,0,1
0,327,5,264,351,0,0,0
0,328,1,121,377,1,1,0
0,328,2,165,364,2,1,0
0,328,3,195,164,2,0,0
0,328,4,118,93,0,0,1
0,328,5,264,350,2,0,0
0,329,1,121,377,0,1,0
0,329,2,165,364,0,1,0
0,329,3,195,161,2,0,0
0,329,4,117,93,1,0,1
0,329,5,264,349,1,0,0
0,330,1,121,377,1,1,0
0,330,2,165,364,1,1,0
0,330,3,194,157,4,0,0
0,330,4,116,92,0,0,1
0,330,5,263,348,2,0,0
0,331,1,122,376,3,1,0
0,331,2,165,363,0,1,0
0,331,3,191,150,7,0,0
0,331,4,117,90,3,0,1
0,331,5,263,347,3,0,0
0,332,1,121,377,1,1,0
0,332,2,165,364,0,1,0
0,332,3,190,148,2,0,0
0,332,4,118,88,2,0,1
0,332,5,263,348,0,0,0
0,333,1,121,377,0,1,0
0,333,2,165,364,0,1,0
0,333,3,189,146,2,0,0
0,333,4,118,88,0,0,1
0,333,5,263,348,0,0,0
0,334,1,121,376,2,1,0
0,334,2,165,364,0,1,0
0,334,3,189,148,1,0,0
0,334,4,119,85,2,0,1
0,334,5,263,347,3,0,0
0,335,1,121,376,1,1,0
0,335,2,165,364,1,1,0
0,335,3,189,150,2,0,0
0,335,4,119,86,0,0,1
0,335,5,263,346,2,0,0
0,336,1,121,375,0,1,0
0,336,2,165,364,1,1,0
0,336,3,188,149,1,0,0
0,336,4,122,87,3,0,1
0,336,5,263,346,1,0,0
0,337,1,121,376,0,1,0
0,337,2,165,363,0,1,0
0,337,3,188,146,2,0,0
0,337,4,123,87,2,0,1
0,337,5,263,345,2,0,0
0,338,1,121,376,1,1,0
0,338,2,165,364,0,1,0
0,338,3,188,147,0,0,0
0,338,4,124,87,2,0,1
0,338,5,262,343,4,0,0
0,339,1,121,377,4,1,0
0,339,2,165,364,0,1,0
0,339,3,188,145,2,0,0
0,339,4,126,87,3,0,1
0,339,5,262,343,2,0,0
0,340,1,121,377,1,1,0
0,340,2,164,363,1,1,0
0,340,3,186,142,3,0,0
0,340,4,128,87,3,0,1
0,340,5,262,343,1,0,0
0,341,1,121,377,0,1,0
0,341,2,164,363,0,1,0
0,341,3,186,142,1,0,0
0,341,4,128,87,0,0,1
0,341,5,261,343,1,0,0
0,342,1,120,377,1,1,0
0,342,2,164,362,1,1,0
0,342,3,186,139,2,0,0
0,342,4,128,87,0,0,1
0,342,5,262,342,1,0,0
0,343,1,120,377,0,1,0
0,343,2,164,363,0,1,0
0,343,3,186,139,0,0,0
0,343,4,128,86,0,0,1
0,343,5,261,342,1,0,0
0,344,1,120,377,0,1,0
0,344,2,164,363,0,1,0
0,344,3,187,140,2,0,0
0,344,4,129,87,0,0,1
0,344,5,261,341,1,0,0
0,345,1,120,377,1,1,0
0,345,2,164,363,0,1,0
0,345,3,187,139,1,0,0
0,345,4,129,87,0,0,1
0,345,5,261,340,3,0,0
0,346,1,121,377,1,1,0
0,346,2,164,362,0,1,0
0,346,3,186,137,2,0,0
0,346,4,131,88,2,0,1
0,346,5,261,341,3,0,0
0,347,1,121,377,0,1,0
0,347,2,164,362,0,1,0
0,347,3,186,138,0,0,0
0,347,4,133,89,3,0,1
0,347,5,260,341,2,0,0
0,348,1,121,377,0,1,0
0,348,2,163,362,1,1,0
0,348,3,187,139,1,0,0
0,348,4,133,88,0,0,1
0,348,5,260,341,1,0,0
0,349,1,121,377,0,1,0
0,349,2,163,362,0,1,0
0,349,3,188,139,2,0,0
0,349,4,132,86,1,0,1
0,349,5,260,341,0,0,0
0,350,1,122,377,1,1,0
0,350,2,163,362,0,1,0
0,350,3,189,141,2,0,0
0,350,4,132,86,0,0,1
0,350,5,260,340,2,0,0
0,351,1,121,377,3,1,0
0,351,2,163,362,0,1,0
0,351,3,191,142,3,0,0
0,351,4,132,85,0,0,1
0,351,5,260,340,0,0,0
0,352,1,120,377,1,1,0
0,352,2,163,362,0,1,0
0,352,3,192,142,1,0,0
0,352,4,131,84,1,0,1
0,352,5,259,340,0,0,0
0,353,1,121,378,3,1,0
0,353,2,163,362,0,1,0
0,353,3,192,142,0,0,0
0,353,4,131,84,0,0,1
0,353,5,259,339,3,0,0
0,354,1,122,377,1,1,0
0,354,2,163,362,0,1,0
0,354,3,192,140,2,0,0
0,354,4,131,82,1,0,1
0,354,5,259,338,1,0,0
0,355,1,122,377,1,1,0
0,355,2,163,362,0,1,0
0,355,3,192,137,3,0,0
0,355,4,133,82,2,0,1
0,355,5,259,337,1,0,0
0,356,1,121,377,3,1,0
0,356,2,163,362,0,1,0
0,356,3,192,135,1,0,0
0,356,4,132,81,0,0,1
0,356,5,259,336,2,0,0
0,357,1,121,376,1,1,0
0,357,2,163,362,0,1,0
0,357,3,193,135,1,0,0
0,357,4,132,80,1,0,1
0,357,5,257,334,7,0,0
0,358,1,121,376,0,1,0
0,358,2,163,362,0,1,0
0,358,3,193,133,2,0,0
0,358,4,134,81,3,0,1
0,358,5,256,333,3,0,0
0,359,1,121,377,0,1,0
0,359,2,163,362,0,1,0
0,359,3,194,134,1,0,0
0,359,4,136,81,3,0,1
0,359,5,256,333,1,0,0
0,360,1,121,377,1,1,0
0,360,2,163,362,0,1,0
0,360,3,194,136,1,0,0
0,360,4,139,82,3,0,1
0,360,5,255,333,2,0,0
0,361,1,121,377,1,1,0
0,361,2,163,362,0,1,0
0,361,3,194,139,2,0,0
0,361,4,144,85,8,0,1
0,361,5,254,333,3,0,0
0,362,1,121,377,0,1,0
0,362,2,163,361,1,1,0
0,362,4,152,96,12,0,1
0,362,5,254,333,1,0,0
0,363,1,121,377,0,1,0
0,363,2,162,361,1,1,0
0,363,4,155,101,6,0,1
0,363,5,253,332,3,0,0
0,364,1,121,378,1,1,0
0,364,2,162,361,0,1,0
0,364,4,158,104,3,0,0
0,364,5,253,332,0,0,0
0,365,1,121,378,0,1,0
0,365,2,163,362,2,1,0
0,365,4,160,105,2,0,0
0,365,5,252,331,1,0,0
0,366,1,121,377,1,1,0
0,366,2,163,362,0,1,0
0,366,4,159,105,0,0,0
0,366,5,252,331,2,0,0
0,367,1,121,377,0,1,0
0,367,2,163,362,0,1,0
0,367,4,161,107,2,0,0
0,367,5,251,331,1,0,0
0,368,1,121,377,0,1,0
0,368,2,164,362,1,1,0
0,368,4,162,107,1,0,0
0,368,5,251,331,1,0,0
0,369,1,121,377,0,1,0
0,369,2,164,362,0,1,0
0,369,4,162,105,1,0,0
0,369,5,251,331,0,0,0
0,370,1,121,377,1,1,0
0,370,2,164,362,0,1,0
0,370,4,158,94,9,0,1
0,370,5,251,331,0,0,0
0,370,3,195,140,0,0,0
0,371,1,121,377,0,1,0
0,371,2,164,362,0,1,0
0,371,4,159,93,1,0,1
0,371,5,251,331,0,0,0
0,371,3,191,138,6,0,0
0,372,1,122,377,0,1,0
0,372,2,164,362,0,1,0
0,372,4,160,94,1,0,1
0,372,5,251,332,1,0,0
0,372,3,190,138,2,0,0
0,373,1,121,377,1,1,0
0,373,2,164,362,0,1,0
0,373,4,161,95,1,0,1
0,373,5,251,331,0,0,0
0,373,3,189,137,0,0,0
0,374,1,121,377,1,1,0
0,374,2,164,362,0,1,0
0,374,4,159,90,3,0,1
0,374,5,250,330,3,0,0
0,374,3,193,140,5,0,0
0,375,1,121,377,1,1,0
0,375,2,164,363,0,1,0
0,375,4,161,94,2,0,1
0,375,5,250,330,1,0,0
0,375,3,191,139,2,0,0
0,376,1,121,377,0,1,0
0,376,2,164,362,0,1,0
0,376,4,159,89,4,0,1
0,376,5,249,328,4,0,0
0,376,3,194,140,4,0,0
0,377,1,122,377,4,1,0
0,377,2,164,362,0,1,0
0,377,4,161,91,2,0,1
0,377,5,249,327,3,0,0
0,377,3,193,139,1,0,0
0,378,1,122,377,1,1,0
0,378,2,165,362,1,1,0
0,378,4,162,92,2,0,1
0,378,5,248,326,2,0,0
0,378,3,193,138,1,0,0
0,379,1,122,377,0,1,0
0,379,2,165,362,0,1,0
0,379,4,165,97,4,0,1
0,379,5,248,325,2,0,0
0,380,1,121,376,3,1,0
0,380,2,165,362,0,1,0
0,380,4,166,96,2,0,1
0,380,5,248,324,2,0,0
0,381,1,121,375,2,1,0
0,381,2,164,362,0,1,0
0,381,4,165,90,5,0,1
0,381,5,247,322,4,0,0
0,381,3,193,138,0,0,0
0,382,1,121,375,2,1,0
0,382,2,165,363,2,1,0
0,382,4,167,89,3,0,1
0,382,5,247,322,0,0,0
0,382,3,193,135,2,0,0
0,383,1,122,375,0,1,0
0,383,2,165,363,0,1,0
0,383,4,169,95,5,0,1
0,383,5,247,322,1,0,0
0,383,3,196,136,4,0,0
0,384,1,121,375,2,1,0
0,384,2,165,363,0,1,0
0,384,4,172,100,5,0,1
0,384,5,247,323,1,0,0
0,384,3,197,136,2,0,0
0,385,1,120,374,1,1,0
0,385,2,165,363,1,1,0
0,385,4,174,100,2,0,1
0,385,5,247,323,0,0,0
0,385,3,198,139,2,0,0
0,386,1,119,374,2,1,0
0,386,2,164,363,1,1,0
0,386,4,175,101,2,0,1
0,386,5,247,322,2,0,0
0,386,3,198,140,0,0,0
0,387,1,120,373,2,1,0
0,387,2,165,363,0,1,0
0,387,4,174,95,5,0,1
0,387,5,247,320,3,0,0
0,387,3,198,140,0,0,0
0,388,1,120,373,1,1,0
0,388,2,165,363,0,1,0
0,388,4,175,99,3,0,1
0,388,5,247,320,0,0,0
0,389,1,120,373,0,1,0
0,389,2,165,364,0,1,0
0,389,4,184,110,14,0,0
0,389,5,247,320,1,0,0
0,390,1,120,373,0,1,0
0,390,2,165,364,0,1,0
0,390,4,187,114,5,0,0
0,390,5,247,319,1,0,0
0,391,1,120,372,2,1,0
0,391,2,165,363,0,1,0
0,391,4,180,89,22,0,1
0,391,5,247,320,0,0,0
0,391,3,196,131,0,0,0
0,392,1,120,372,1,1,0
0,392,2,164,363,0,1,0
0,392,5,247,320,1,0,0
0,392,3,191,120,11,0,0
0,393,1,120,371,1,1,0
0,393,2,164,363,0,1,0
0,393,5,246,320,0,0,0
0,393,3,190,116,3,0,0
0,394,1,119,371,1,1,0
0,394,2,164,363,0,1,0
0,394,5,246,319,1,0,0
0,394,3,191,117,0,0,0
0,395,1,119,370,1,1,0
0,395,2,164,363,0,1,0
0,395,5,246,319,0,0,0
0,395,3,192,117,1,0,0
0,396,1,119,370,1,1,0
0,396,2,164,362,1,1,0
0,396,5,246,319,0,0,0
0,396,3,192,118,0,0,0
0,397,1,119,370,0,1,0
0,397,2,164,362,0,1,0
0,397,5,246,320,1,0,0
0,397,3,192,118,0,0,0
0,398,1,119,369,2,1,0
0,398,2,164,362,0,1,0
0,398,5,246,320,1,0,0
0,398,3,191,117,0,0,0
0,399,1,119,368,1,1,0
0,399,2,164,363,1,1,0
0,399,5,246,321,0,0,0
0,399,3,193,117,2,0,0
0,400,1,119,368,0,1,0
0,400,2,165,363,0,1,0
0,400,5,246,320,1,0,0
0,400,3,194,116,2,0,0
0,401,1,118,368,1,1,0
0,401,2,164,363,0,1,0
0,401,5,246,320,0,0,0
0,401,3,194,116,0,0,0
0,402,1,118,368,0,1,0
0,402,2,164,362,0,1,0
0,402,5,246,321,1,0,0
0,402,3,195,115,1,0,0
0,403,1,118,368,1,1,0
0,403,2,164,362,0,1,0
0,403,5,245,320,1,0,0
0,403,3,195,114,1,0,0
0,404,1,118,369,1,1,0
0,404,2,164,362,1,1,0
0,404,5,245,320,0,0,0
0,404,3,195,114,0,0,0
0,405,1,118,368,1,1,0
0,405,2,164,362,0,1,0
0,405,5,245,320,1,0,0
0,405,3,195,114,0,0,0
0,406,1,118,368,1,1,0
0,406,2,164,362,0,1,0
0,406,5,245,319,1,0,0
0,406,3,195,113,0,0,0
0,407,1,118,369,1,1,0
0,407,2,164,362,0,1,0
0,407,5,244,317,5,0,0
0,407,3,196,114,0,0,0
0,408,1,118,369,0,1,0
0,408,2,164,362,0,1,0
0,408,5,244,316,1,0,0
0,408,3,195,114,0,0,0
0,409,1,118,368,2,1,0
0,409,2,164,362,0,1,0
0,409,5,243,316,1,0,0
0,409,3,195,114,0,0,0
0,410,1,118,369,2,1,0
0,410,2,164,362,0,1,0
0,410,5,243,314,3,0,0
0,410,3,195,114,0,0,0
0,411,1,118,369,0,1,0
0,411,2,164,362,1,1,0
0,411,5,242,314,1,0,0
0,411,3,195,114,0,0,0
0,412,1,118,368,1,1,0
0,412,2,164,362,0,1,0
0,412,5,242,313,2,0,0
0,412,3,196,114,0,0,0
0,413,1,117,368,1,1,0
0,413,2,164,362,1,1,0
0,413,5,241,312,1,0,0
0,413,3,196,113,0,0,0
0,414,1,117,368,0,1,0
0,414,2,165,363,1,1,0
0,414,5,241,312,1,0,0
0,414,3,196,114,0,0,0
0,415,1,115,365,8,1,0
0,415,2,164,362,1,1,0
0,415,5,241,312,1,0,0
0,415,3,196,113,0,0,0
0,416,1,114,363,3,1,0
0,416,2,164,363,0,1,0
0,416,5,240,311,1,0,0
0,416,3,195,113,0,0,0
0,417,1,114,363,1,1,0
0,417,2,164,363,1,1,0
0,417,5,240,311,1,0,0
0,417,3,195,113,0,0,0
0,418,1,114,363,0,1,0
0,418,2,165,363,0,1,0
0,418,5,240,310,1,0,0
0,418,3,195,113,0,0,0
0,419,1,114,363,0,1,0
0,419,2,165,363,0,1,0
0,419,5,240,309,2,0,0
0,419,3,194,112,1,0,0
0,420,1,113,363,1,1,0
0,420,2,165,364,1,1,0
0,420,5,239,308,2,0,0
0,420,3,194,112,0,0,0
0,421,1,113,363,1,1,0
0,421,2,165,363,1,1,0
0,421,5,238,307,2,0,0
0,421,3,193,112,1,0,0
0,422,1,112,362,0,1,0
0,422,2,165,364,1,1,0
0,422,5,238,306,1,0,0
0,422,3,192,111,1,0,0
0,423,1,112,362,0,1,0
0,423,2,165,363,1,1,0
0,423,5,238,306,1,0,0
0,423,3,192,112,0,0,0
0,424,1,112,362,0,1,0
0,424,2,164,363,1,1,0
0,424,5,237,305,2,0,0
0,424,3,191,112,1,0,0
0,425,1,112,362,0,1,0
0,425,2,164,363,0,1,0
0,425,5,237,305,1,0,0
0,425,3,191,112,0,0,0
0,426,1,112,362,1,1,0
0,426,2,164,363,0,1,0
0,426,5,236,304,2,0,0
0,426,3,191,111,0,0,0
0,427,1,112,362,0,1,0
0,427,2,165,363,1,1,0
0,427,5,236,303,1,0,0
0,427,3,190,112,1,0,0
0,428,1,112,362,0,1,0
0,428,2,165,363,0,1,0
0,428,5,236,302,2,0,0
0,428,3,189,112,1,0,0
0,429,1,112,362,0,1,0
0,429,2,165,364,1,1,0
0,429,5,235,301,1,0,0
0,429,3,189,112,0,0,0
0,430,1,112,362,0,1,0
0,430,2,165,364,0,1,0
0,430,5,234,299,3,0,0
0,430,3,188,111,0,0,0
0,431,1,111,362,0,1,0
0,431,2,165,364,0,1,0
0,431,5,234,300,0,0,0
0,431,3,188,111,1,0,0
0,432,1,112,361,1,1,0
0,432,2,165,363,0,1,0
0,432,5,234,299,1,0,0
0,432,3,188,112,0,0,0
0,433,1,112,361,0,1,0
0,433,2,165,363,0,1,0
0,433,5,234,299,0,0,0
0,433,3,187,110,1,0,0
0,434,1,112,361,0,1,0
0,434,2,165,364,1,1,0
0,434,5,234,299,0,0,0
0,434,3,187,109,0,0,0
0,435,1,112,361,0,1,0
0,435,2,164,363,1,1,0
0,435,5,234,298,1,0,0
0,435,3,187,110,0,0,0
0,436,1,112,361,1,1,0
0,436,2,165,363,1,1,0
0,436,5,234,298,0,0,0
0,436,3,187,110,0,0,0
0,437,1,112,361,0,1,0
0,437,2,164,363,2,1,0
0,437,5,234,297,1,0,0
0,437,3,186,109,0,0,0
0,438,1,112,361,0,1,0
0,438,2,164,363,1,1,0
0,438,5,234,297,1,0,0
0,438,3,186,109,0,0,0
0,439,1,112,361,0,1,0
0,439,2,165,364,2,1,0
0,439,5,234,296,0,0,0
0,439,3,185,108,1,0,0
0,440,1,111,362,4,1,0
0,440,2,164,363,2,1,0
0,440,5,234,296,1,0,0
0,440,3,185,107,0,0,0
0,441,1,111,363,2,1,0
0,441,2,165,364,1,1,0
0,441,5,233,296,0,0,0
0,441,3,185,107,0,0,0
0,442,1,112,362,5,1,0
0,442,2,165,364,0,1,0
0,442,5,233,296,0,0,0
0,442,3,185,107,0,0,0
0,443,1,111,361,1,1,0
0,443,2,165,364,0,1,0
0,443,5,233,295,0,0,0
0,443,3,185,107,0,0,0
0,444,1,111,363,5,1,0
0,444,2,165,364,0,1,0
0,444,5,233,295,0,0,0
0,444,3,185,106,0,0,0
0,445,1,111,362,3,1,0
0,445,2,165,364,1,1,0
0,445,5,233,295,0,0,0
0,445,3,184,106,0,0,0
0,446,1,111,364,5,1,0
0,446,2,165,364,0,1,0
0,446,5,233,296,1,0,0
0,446,3,184,107,0,0,0
0,447,1,111,364,0,1,0
0,447,2,165,364,2,1,0
0,447,5,233,296,1,0,0
0,447,3,185,106,0,0,0
0,448,1,110,363,1,1,0
0,448,2,165,363,0,1,0
0,448,5,233,298,2,0,0
0,448,3,185,107,0,0,0
0,449,1,110,364,1,1,0
0,449,2,165,363,0,1,0
0,449,5,232,298,1,0,0
0,449,3,185,107,0,0,0
0,450,1,110,364,1,1,0
0,450,2,166,365,3,1,0
0,450,5,232,297,1,0,0
0,450,3,185,107,0,0,0
0,451,1,111,362,7,1,0
0,451,2,165,364,1,1,0
0,451,5,231,298,0,0,0
0,451,3,185,107,0,0,0
0,452,1,111,362,3,1,0
0,452,2,165,364,0,1,0
0,452,5,229,298,6,0,0
0,452,3,185,106,0,0,0
0,453,1,112,361,1,1,0
0,453,2,165,364,1,1,0
0,453,5,227,297,5,0,0
0,453,3,185,107,1,0,0
0,454,1,112,361,0,1,0
0,454,2,165,364,0,1,0
0,454,5,225,297,4,0,0
0,454,3,184,108,1,0,0
0,455,1,109,364,12,1,0
0,455,2,165,363,0,1,0
0,455,5,226,296,3,0,0
0,455,3,184,108,0,0,0
0,456,1,110,365,2,1,0
0,456,2,165,364,1,1,0
0,456,5,227,296,1,0,0
0,456,3,184,108,0,0,0
0,457,1,111,365,3,1,0
0,457,2,165,364,1,1,0
0,457,5,226,296,1,0,0
0,457,3,185,109,0,0,0
0,457,4,86,376,0,1,0
0,458,1,112,365,2,1,0
0,458,2,165,363,1,1,0
0,458,5,218,299,22,0,0
0,458,3,184,109,0,0,0
0,458,4,86,377,2,1,0
0,459,1,112,365,0,1,0
0,459,2,165,363,0,1,0
0,459,5,215,300,9,0,0
0,459,3,184,109,0,0,0
0,459,4,86,376,0,1,0
0,460,1,112,365,0,1,0
0,460,2,165,364,0,1,0
0,460,5,214,298,4,0,0
0,460,3,184,110,0,0,0
0,460,4,86,375,2,1,0
0,461,1,112,365,0,1,0
0,461,2,164,363,2,1,0
0,461,5,214,297,1,0,0
0,461,3,184,108,1,0,0
0,461,4,86,376,1,1,0
0,462,1,112,365,0,1,0
0,462,2,165,363,0,1,0
0,462,5,214,298,1,0,0
0,462,3,183,108,1,0,0
0,462,4,87,376,0,1,0
0,463,1,112,365,0,1,0
0,463,2,164,363,0,1,0
0,463,5,214,296,3,0,0
0,463,3,182,107,1,0,0
0,463,4,86,375,4,1,0
0,464,1,112,365,0,1,0
0,464,2,164,363,0,1,0
0,464,5,213,296,1,0,0
0,464,3,182,107,0,0,0
0,464,4,85,373,3,1,0
0,465,1,112,363,6,1,0
0,465,2,165,363,1,1,0
0,465,5,213,298,3,0,0
0,465,3,182,106,0,0,0
0,465,4,85,373,1,1,0
0,466,1,112,363,2,1,0
0,466,2,165,363,1,1,0
0,466,5,213,301,8,0,0
0,466,3,182,106,0,0,0
0,466,4,84,372,1,1,0
0,467,1,112,362,1,1,0
0,467,2,165,363,0,1,0
0,467,5,211,300,4,0,0
0,467,3,182,105,0,0,0
0,467,4,86,371,10,1,0
0,468,1,112,362,0,1,0
0,468,2,166,364,0,1,0
0,468,5,211,298,2,0,0
0,468,3,181,104,0,0,0
0,468,4,88,370,4,1,0
0,469,1,112,362,0,1,0
0,469,2,166,364,1,1,0
0,469,5,210,297,3,0,0
0,469,3,181,104,0,0,0
0,469,4,86,371,4,1,0
0,470,1,110,365,10,1,0
0,470,2,166,364,0,1,0
0,470,5,210,296,1,0,0
0,470,3,182,104,1,0,0
0,470,4,87,374,8,1,0
0,471,1,111,363,5,1,0
0,471,2,165,364,0,1,0
0,471,5,210,296,0,0,0
0,471,3,182,105,0,0,0
0,471,4,87,373,2,1,0
0,472,1,110,365,6,1,0
0,472,2,165,364,1,1,0
0,472,5,209,295,2,0,0
0,472,3,182,105,1,0,0
0,472,4,87,374,3,1,0
0,473,1,109,366,4,1,0
0,473,2,166,364,1,1,0
0,473,5,209,294,0,0,0
0,473,3,183,105,1,0,0
0,474,1,109,367,2,1,0
0,474,2,166,365,2,1,0
0,474,5,209,295,1,0,0
0,474,3,185,105,2,0,0
0,475,1,111,364,12,1,0
0,475,2,165,364,2,1,0
0,475,5,208,295,1,0,0
0,475,3,185,105,1,0,0
0,476,1,111,362,4,1,0
0,476,2,165,364,0,1,0
0,476,5,208,295,0,0,0
0,476,3,185,105,0,0,0
0,477,1,111,362,2,1,0
0,477,2,165,365,1,1,0
0,477,5,208,295,0,0,0
0,477,3,186,106,1,0,0
0,478,1,112,361,1,1,0
0,478,2,166,365,1,1,0
0,478,5,208,295,1,0,0
0,478,3,186,108,1,0,0
0,479,1,112,361,0,1,0
0,479,2,166,365,0,1,0
0,479,5,208,294,1,0,0
0,479,3,188,109,2,0,0
0,480,1,112,361,0,1,0
0,480,2,166,364,1,1,0
0,480,5,207,293,1,0,0
0,480,3,189,109,2,0,0
0,481,1,111,361,2,1,0
0,481,2,165,364,2,1,0
0,481,5,208,293,1,0,0
0,481,3,190,110,0,0,0
0,482,1,111,361,0,1,0
0,482,2,165,363,0,1,0
0,482,5,208,294,2,0,0
0,482,3,190,111,1,0,0
0,483,1,111,361,1,1,0
0,483,2,165,363,0,1,0
0,483,5,208,294,0,0,0
0,483,3,191,111,1,0,0
0,484,1,111,361,0,1,0
0,484,2,165,364,1,1,0
0,484,5,209,292,4,0,0
0,484,3,194,115,5,0,0
0,485,1,111,362,0,1,0
0,485,2,166,364,2,1,0
0,485,5,209,291,2,0,0
0,485,3,193,111,4,0,0
0,486,1,111,362,0,1,0
0,486,2,167,364,1,1,0
0,486,5,209,290,0,0,0
0,486,3,195,112,3,0,0
0,487,1,111,362,1,1,0
0,487,2,166,364,1,1,0
0,487,5,209,290,1,0,0
0,487,3,194,108,3,0,0
0,488,1,111,361,0,1,0
0,488,2,167,364,1,1,0
0,488,5,208,289,1,0,0
0,488,3,194,108,0,0,0
0,489,1,111,362,0,1,0
0,489,2,167,365,1,1,0
0,489,5,208,288,1,0,0
0,489,3,193,106,1,0,0
0,490,1,111,362,1,1,0
0,490,2,167,365,0,1,0
0,490,5,208,288,1,0,0
0,490,3,194,107,1,0,0
0,491,1,111,362,0,1,0
0,491,2,167,365,0,1,0
0,491,5,209,288,0,0,0
0,491,3,196,110,3,0,0
0,492,1,111,362,0,1,0
0,492,2,167,364,0,1,0
0,492,5,208,288,1,0,0
0,492,3,195,110,1,0,0
0,493,1,112,362,0,1,0
0,493,2,167,364,0,1,0
0,493,5,207,287,2,0,0
0,493,3,188,101,12,0,1
0,494,1,112,362,0,1,0
0,494,2,167,364,2,1,0
0,494,5,207,287,1,0,0
0,494,3,182,93,10,0,1
0,495,1,112,362,0,1,0
0,495,2,167,364,1,1,0
0,495,5,206,287,2,0,0
0,495,3,179,88,5,0,1
0,495,4,210,132,0,0,0
0,496,1,112,361,3,1,0
0,496,2,167,363,1,1,0
0,496,5,204,287,4,0,0
0,496,3,177,82,5,0,1
0,496,4,214,137,7,0,0
0,497,1,112,361,1,1,0
0,497,2,167,363,1,1,0
0,497,5,204,287,2,0,0
0,497,3,175,81,2,0,1
0,497,4,218,142,8,0,0
0,498,1,112,361,0,1,0
0,498,2,166,363,0,1,0
0,498,5,203,286,1,0,0
0,498,3,174,79,2,0,1
0,498,4,220,143,3,0,0
0,499,1,111,361,0,1,0
0,499,2,167,363,2,1,0
0,499,5,203,284,3,0,0
0,499,3,174,78,0,0,1
0,499,4,223,145,4,0,0
0,500,1,111,361,0,1,0
0,500,2,166,364,0,1,0
0,500,5,202,282,3,0,0
0,500,3,174,77,0,0,1
0,500,4,224,147,3,0,0
0,501,1,111,361,0,1,0
0,501,2,166,363,0,1,0
0,501,5,202,281,1,0,0
0,501,3,174,76,0,0,1
0,501,4,225,147,1,0,0
0,502,1,111,361,0,1,0
0,502,2,166,364,0,1,0
0,502,5,201,280,1,0,0
0,502,3,174,77,0,0,1
0,502,4,225,147,0,0,0
0,503,1,111,361,0,1,0
0,503,2,166,364,0,1,0
0,503,5,202,279,2,0,0
0,503,3,174,76,0,0,1
0,503,4,225,148,0,0,0
0,504,1,111,361,0,1,0
0,504,2,167,364,2,1,0
0,504,5,201,278,2,0,0
0,504,3,175,77,1,0,1
0,504,4,225,147,1,0,0
0,505,1,111,361,0,1,0
0,505,2,167,364,0,1,0
0,505,5,199,277,3,0,0
0,505,3,174,76,0,0,1
0,505,4,226,148,2,0,0
0,506,1,111,361,0,1,0
0,506,2,167,364,0,1,0
0,506,5,199,276,2,0,0
0,506,3,174,75,0,0,1
0,506,4,227,149,1,0,0
0,507,1,111,361,0,1,0
0,507,2,166,364,1,1,0
0,507,5,198,275,2,0,0
0,507,3,174,75,0,0,1
0,507,4,226,149,1,0,0
0,508,1,112,361,1,1,0
0,508,2,166,363,2,1,0
0,508,5,197,274,2,0,0
0,508,3,174,76,0,0,1
0,508,4,225,149,2,0,0
0,509,1,111,361,0,1,0
0,509,2,165,363,1,1,0
0,509,5,196,274,0,0,0
0,509,3,174,76,0,0,1
0,509,4,224,148,0,0,0
0,509,6,221,379,0,1,0
0,510,1,111,361,1,1,0
0,510,2,165,364,0,1,0
0,510,5,195,273,2,0,0
0,510,3,174,76,0,0,1
0,510,4,223,148,2,0,0
0,510,6,221,379,0,1,0
0,511,1,111,361,0,1,0
0,511,2,165,364,0,1,0
0,511,5,195,272,2,0,0
0,511,3,173,76,0,0,1
0,511,4,224,150,2,0,0
0,511,6,221,379,0,1,0
0,512,1,111,362,0,1,0
0,512,2,165,364,1,1,0
0,512,5,194,272,1,0,0
0,512,3,173,77,0,0,1
0,512,4,223,150,1,0,0
0,512,6,221,379,0,1,0
0,513,1,109,363,9,1,0
0,513,2,166,365,2,1,0
0,513,5,195,272,1,0,0
0,513,3,174,79,1,0,1
0,513,4,223,150,0,0,0
0,514,1,108,364,4,1,0
0,514,2,166,364,1,1,0
0,514,5,196,272,2,0,0
0,514,3,174,78,0,0,1
0,514,4,223,150,0,0,0
0,515,1,108,365,1,1,0
0,515,2,165,364,1,1,0
0,515,5,197,272,4,0,0
0,515,3,174,79,0,0,1
0,515,4,222,151,1,0,0
0,516,1,108,365,0,1,0
0,516,2,165,364,0,1,0
0,516,5,198,272,1,0,0
0,516,3,174,79,0,0,1
0,516,4,222,151,1,0,0
0,517,1,110,363,10,1,0
0,517,2,165,364,0,1,0
0,517,5,199,271,3,0,0
0,517,3,173,77,1,0,1
0,517,4,221,150,1,0,0
0,518,1,111,362,4,1,0
0,518,2,166,364,2,1,0
0,518,5,200,270,2,0,0
0,518,3,173,77,0,0,1
0,518,4,221,150,0,0,0
0,519,1,111,361,2,1,0
0,519,2,166,364,0,1,0
0,519,5,199,270,2,0,0
0,519,3,172,76,1,0,1
0,519,4,221,150,1,0,0
0,520,1,111,361,0,1,0
0,520,2,166,364,1,1,0
0,520,5,198,270,3,0,0
0,520,3,173,78,1,0,1
0,520,4,221,150,0,0,0
0,520,6,221,379,0,1,0
0,521,1,111,361,0,1,0
0,521,2,166,364,0,1,0
0,521,5,197,270,0,0,0
0,521,3,172,77,0,0,1
0,521,4,221,150,0,0,0
0,522,1,111,361,0,1,0
0,522,2,166,364,1,1,0
0,522,5,197,270,0,0,0
0,522,3,172,76,0,0,1
0,522,4,222,150,0,0,0
0,523,1,112,361,0,1,0
0,523,2,166,364,0,1,0
0,523,5,197,269,1,0,0
0,523,3,172,76,0,0,1
0,523,4,221,149,0,0,0
0,524,1,112,361,0,1,0
0,524,2,166,364,1,1,0
0,524,5,197,269,0,0,0
0,524,3,172,76,0,0,1
0,524,4,221,145,4,0,0
0,524,6,221,380,0,1,0
0,525,1,111,361,0,1,0
0,525,2,166,365,1,1,0
0,525,5,197,268,1,0,0
0,525,3,172,75,0,0,1
0,525,4,222,145,2,0,0
0,526,1,112,361,0,1,0
0,526,2,166,364,0,1,0
0,526,5,198,267,3,0,0
0,526,3,172,75,0,0,1
0,526,4,223,149,4,0,0
0,527,1,112,361,0,1,0
0,527,2,166,364,0,1,0
0,527,5,202,266,10,0,0
0,527,3,172,76,0,0,1
0,527,4,222,150,1,0,0
0,528,1,112,361,0,1,0
0,528,2,166,364,0,1,0
0,528,5,204,265,5,0,0
0,528,3,172,76,0,0,1
0,528,4,222,151,1,0,0
0,529,1,112,361,0,1,0
0,529,2,167,365,1,1,0
0,529,5,205,265,2,0,0
0,529,3,172,77,1,0,1
0,529,4,221,150,0,0,0
0,530,1,112,361,0,1,0
0,530,2,166,364,1,1,0
0,530,5,204,264,1,0,0
0,530,3,172,78,1,0,1
0,530,4,221,150,0,0,0
0,531,1,112,361,0,1,0
0,531,2,166,364,0,1,0
0,531,5,204,264,0,0,0
0,531,3,172,76,1,0,1
0,531,4,221,148,1,0,0
0,532,1,112,360,0,1,0
0,532,2,165,363,3,1,0
0,532,5,204,264,1,0,0
0,532,3,172,77,1,0,1
0,532,4,220,148,1,0,0
0,533,1,112,360,0,1,0
0,533,2,165,363,0,1,0
0,533,5,205,264,2,0,0
0,533,3,173,79,1,0,1
0,533,4,219,147,1,0,0
0,534,1,111,360,0,1,0
0,534,2,165,363,0,1,0
0,534,5,205,263,1,0,0
0,534,3,173,80,1,0,1
0,534,4,219,147,0,0,0
0,535,1,111,360,0,1,0
0,535,2,166,363,1,1,0
0,535,5,206,262,2,0,0
0,535,3,175,81,1,0,1
0,535,4,220,146,1,0,0
0,536,1,111,360,0,1,0
0,536,2,166,363,0,1,0
0,536,5,206,262,0,0,0
0,536,3,175,82,1,0,1
0,536,4,220,146,1,0,0
0,537,1,111,360,0,1,0
0,537,2,165,363,0,1,0
0,537,5,206,261,1,0,0
0,537,3,177,85,2,0,1
0,537,4,218,140,6,0,0
0,538,1,111,360,0,1,0
0,538,2,166,363,1,1,0
0,538,5,208,261,4,0,0
0,538,3,178,85,1,0,1
0,538,4,215,134,7,0,0
0,539,1,111,360,0,1,0
0,539,2,166,363,1,1,0
0,539,5,207,260,1,0,0
0,539,3,178,88,2,0,1
0,539,4,216,136,2,0,0
0,539,6,85,378,0,1,0
0,540,1,111,360,0,1,0
0,540,2,166,364,0,1,0
0,540,5,206,260,2,0,0
0,540,3,178,86,1,0,1
0,540,4,216,137,0,0,0
0,540,6,85,378,0,1,0
0,541,1,111,360,0,1,0
0,541,2,167,364,1,1,0
0,541,5,207,259,3,0,0
0,541,3,181,89,4,0,1
0,541,4,215,135,2,0,0
0,541,6,84,375,9,1,0
0,542,1,111,360,0,1,0
0,542,2,167,363,1,1,0
0,542,5,206,258,1,0,0
0,542,3,183,91,3,0,1
0,542,4,214,133,2,0,0
0,542,6,84,374,2,1,0
0,543,1,111,360,0,1,0
0,543,2,167,364,0,1,0
0,543,5,206,258,0,0,0
0,543,3,181,91,2,0,1
0,543,4,214,131,2,0,0
0,543,6,84,375,0,1,0
0,544,1,111,360,0,1,0
0,544,2,166,363,0,1,0
0,544,5,205,258,1,0,0
0,544,4,214,128,2,0,0
0,544,6,84,375,0,1,0
0,545,1,111,359,0,1,0
0,545,2,166,363,1,1,0
0,545,5,204,258,3,0,0
0,545,4,214,129,0,0,0
0,545,6,84,375,0,1,0
0,546,1,111,360,0,1,0
0,546,2,166,363,1,1,0
0,546,5,204,257,0,0,0
0,546,4,214,130,1,0,0
0,546,6,84,374,0,1,0
0,547,1,111,360,0,1,0
0,547,2,166,363,1,1,0
0,547,5,203,257,1,0,0
0,547,4,214,130,0,0,0
0,547,6,84,375,0,1,0
0,548,1,111,360,0,1,0
0,548,2,167,364,1,1,0
0,548,5,203,257,0,0,0
0,548,4,214,131,0,0,0
0,548,6,84,374,1,1,0
0,549,1,111,360,0,1,0
0,549,2,166,363,0,1,0
0,549,5,203,257,0,0,0
0,549,4,214,132,1,0,0
0,549,6,84,374,0,1,0
0,550,1,111,360,0,1,0
0,550,2,166,363,0,1,0
0,550,5,202,257,1,0,0
0,550,4,213,132,0,0,0
0,550,6,84,374,0,1,0
0,551,1,111,360,0,1,0
0,551,2,166,364,0,1,0
0,551,5,203,256,1,0,0
0,551,4,213,134,1,0,0
0,551,6,84,374,0,1,0
0,552,1,111,360,0,1,0
0,552,2,167,364,1,1,0
0,552,5,203,256,1,0,0
0,552,4,213,134,0,0,0
0,552,6,84,374,0,1,0
0,553,1,111,360,0,1,0
0,553,2,167,364,0,1,0
0,553,5,203,255,1,0,0
0,553,4,214,135,0,0,0
0,553,6,84,374,1,1,0
0,554,1,112,360,0,1,0
0,554,2,167,364,0,1,0
0,554,5,203,253,3,0,0
0,554,4,213,135,0,0,0
0,555,1,112,360,0,1,0
0,555,2,167,364,0,1,0
0,555,5,202,251,3,0,0
0,555,4,213,134,1,0,0
0,556,1,111,359,0,1,0
0,556,2,167,364,0,1,0
0,556,5,201,249,2,0,0
0,556,4,215,136,2,0,0
0,557,1,111,359,0,1,0
0,557,2,167,364,0,1,0
0,557,5,202,248,3,0,0
0,557,4,215,136,0,0,0
0,558,1,111,360,0,1,0
0,558,2,167,364,0,1,0
0,558,5,201,248,4,0,0
0,558,4,215,135,1,0,0
0,559,1,111,360,0,1,0
0,559,2,167,364,0,1,0
0,559,5,199,247,4,0,0
0,559,4,216,136,0,0,0
0,560,1,111,360,0,1,0
0,560,2,167,364,0,1,0
0,560,5,199,248,0,0,0
0,560,4,215,135,0,0,0
0,561,1,111,360,0,1,0
0,561,2,167,364,1,1,0
0,561,5,199,247,2,0,0
0,561,4,216,136,0,0,0
0,562,1,111,360,0,1,0
0,562,2,167,364,1,1,0
0,562,5,200,248,2,0,0
0,562,4,215,134,1,0,0
0,563,1,111,359,0,1,0
0,563,2,167,363,0,1,0
0,563,5,200,249,0,0,0
0,563,4,214,134,1,0,0
0,564,1,111,360,0,1,0
0,564,2,167,364,1,1,0
0,564,5,199,251,4,0,0
0,564,4,214,135,1,0,0
0,565,1,112,360,1,1,0
0,565,2,167,364,0,1,0
0,565,5,196,250,7,0,0
0,565,4,213,133,1,0,0
0,565,6,84,375,0,1,0
0,566,1,112,360,0,1,0
0,566,2,167,364,0,1,0
0,566,5,192,249,8,0,0
0,566,4,213,133,0,0,0
0,566,6,85,377,5,1,0
0,567,1,112,361,0,1,0
0,567,2,167,364,0,1,0
0,567,5,188,248,9,0,0
0,567,4,214,136,2,0,0
0,567,6,84,375,3,1,0
0,568,1,112,361,0,1,0
0,568,2,167,364,0,1,0
0,568,5,186,247,3,0,0
0,568,4,214,137,0,0,0
0,568,6,84,375,1,1,0
0,569,1,112,361,0,1,0
0,569,2,167,364,0,1,0
0,569,5,187,244,4,0,0
0,569,4,214,136,1,0,0
0,569,6,84,374,1,1,0
0,570,1,112,361,0,1,0
0,570,2,167,365,0,1,0
0,570,5,187,242,3,0,0
0,570,4,214,135,0,0,0
0,570,6,84,374,0,1,0
0,571,1,112,361,0,1,0
0,571,2,168,365,1,1,0
0,571,5,186,241,3,0,0
0,571,4,215,136,1,0,0
0,571,6,86,374,6,1,0
0,572,1,112,361,0,1,0
0,572,2,167,365,0,1,0
0,572,5,184,240,3,0,0
0,572,4,215,136,0,0,0
0,572,6,87,373,3,1,0
0,572,3,179,90,0,0,1
0,573,1,112,361,0,1,0
0,573,2,167,365,0,1,0
0,573,5,184,240,1,0,0
0,573,4,216,137,0,0,0
0,573,6,87,373,0,1,0
0,573,3,179,90,0,0,1
0,574,1,111,361,0,1,0
0,574,2,167,365,1,1,0
0,574,5,182,238,4,0,0
0,574,4,216,137,0,0,0
0,574,6,86,373,1,1,0
0,574,3,179,90,0,0,1
0,575,1,111,361,1,1,0
0,575,2,168,365,0,1,0
0,575,5,178,236,8,0,0
0,575,4,216,137,0,0,0
0,575,6,86,373,1,1,0
0,575,3,179,90,0,0,1
0,576,1,112,362,0,1,0
0,576,2,168,366,0,1,0
0,576,5,175,234,5,0,0
0,576,4,215,136,1,0,0
0,576,6,85,374,5,1,0
0,576,3,179,90,0,0,1
0,577,1,112,362,0,1,0
0,577,2,168,366,0,1,0
0,577,5,174,232,2,0,0
0,577,4,214,134,1,0,0
0,577,6,85,374,2,1,0
0,578,1,111,362,0,1,0
0,578,2,167,365,1,1,0
0,578,5,174,232,1,0,0
0,578,4,214,135,0,0,0
0,578,6,86,373,5,1,0
0,579,1,111,362,0,1,0
0,579,2,167,365,0,1,0
0,579,5,173,229,3,0,0
0,579,4,213,135,1,0,0
0,579,6,86,373,1,1,0
0,580,1,111,362,1,1,0
0,580,2,167,365,0,1,0
0,580,5,172,227,3,0,0
0,580,4,213,134,0,0,0
0,580,6,87,373,1,1,0
0,581,1,111,364,5,1,0
0,581,2,167,364,0,1,0
0,581,5,172,224,4,0,0
0,581,4,212,133,1,0,0
0,581,6,86,373,1,1,0
0,582,1,112,366,3,1,0
0,582,2,167,365,0,1,0
0,582,5,172,223,1,0,0
0,582,4,213,135,1,0,0
0,582,6,86,372,0,1,0
0,583,1,112,367,3,1,0
0,583,2,168,365,0,1,0
0,583,5,172,222,2,0,0
0,583,4,214,138,3,0,0
0,583,6,86,373,1,1,0
0,583,3,183,90,0,0,1
0,584,1,112,367,1,1,0
0,584,2,168,365,0,1,0
0,584,5,172,219,3,0,0
0,584,4,215,142,3,0,0
0,584,6,86,373,0,1,0
0,584,3,182,90,0,0,1
0,585,1,113,368,1,1,0
0,585,2,168,364,0,1,0
0,585,5,172,219,0,0,0
0,585,4,215,144,1,0,0
0,585,6,85,372,1,1,0
0,585,3,183,89,0,0,1
0,586,1,113,369,2,1,0
0,586,2,168,365,1,1,0
0,586,5,172,218,1,0,0
0,586,4,215,142,2,0,0
0,586,6,84,373,4,1,0
0,586,3,184,91,1,0,1
0,587,1,114,370,3,1,0
0,587,2,168,365,0,1,0
0,587,5,172,217,1,0,0
0,587,4,216,144,3,0,0
0,587,6,84,373,2,1,0
0,587,3,183,89,1,0,1
0,588,1,114,371,1,1,0
0,588,2,168,365,0,1,0
0,588,5,171,217,1,0,0
0,588,4,216,144,0,0,0
0,588,6,84,373,0,1,0
0,588,3,183,89,0,0,1
0,589,1,115,371,1,1,0
0,589,2,167,365,0,1,0
0,589,5,170,216,1,0,0
0,589,4,215,142,2,0,0
0,589,6,84,373,0,1,0
0,589,3,183,88,0,0,1
0,590,1,115,372,2,1,0
0,590,2,167,365,0,1,0
0,590,5,170,215,2,0,0
0,590,4,215,141,1,0,0
0,590,6,84,374,2,1,0
0,590,3,184,90,1,0,1
0,591,1,116,373,2,1,0
0,591,2,168,366,1,1,0
0,591,5,169,214,1,0,0
0,591,4,215,144,2,0,0
0,591,6,85,375,1,1,0
0,591,3,183,90,0,0,1
0,592,1,116,373,1,1,0
0,592,2,168,365,0,1,0
0,592,5,168,212,2,0,0
0,592,4,216,147,3,0,0
0,592,6,85,375,1,1,0
0,592,3,181,86,3,0,1
0,593,1,117,374,1,1,0
0,593,2,168,365,0,1,0
0,593,5,168,209,4,0,0
0,593,4,216,149,1,0,0
0,593,6,85,375,1,1,0
0,593,3,180,84,1,0,1
0,594,1,117,374,1,1,0
0,594,2,168,365,0,1,0
0,594,5,166,207,3,0,0
0,594,4,216,150,1,0,0
0,594,6,85,376,0,1,0
0,594,3,180,83,0,0,1
0,595,1,118,374,1,1,0
0,595,2,168,365,0,1,0
0,595,5,165,208,2,0,0
0,595,4,216,150,0,0,0
0,595,6,84,375,1,1,0
0,595,3,180,81,2,0,1
0,596,1,118,373,3,1,0
0,596,2,167,365,0,1,0
0,596,5,165,207,0,0,0
0,596,4,216,151,1,0,0
0,596,6,84,375,1,1,0
0,596,3,179,78,1,0,1
0,597,1,119,373,1,1,0
0,597,2,167,365,0,1,0
0,597,5,165,208,0,0,0
0,597,4,218,153,2,0,0
0,597,6,84,375,0,1,0
0,597,3,180,78,0,0,1
0,598,1,119,374,2,1,0
0,598,2,168,365,0,1,0
0,598,5,165,207,1,0,0
0,598,4,219,153,2,0,0
0,598,6,84,375,0,1,0
0,598,3,180,79,1,0,1
0,599,1,120,375,1,1,0
0,599,2,168,365,0,1,0
0,599,5,164,206,1,0,0
0,599,4,220,154,2,0,0
0,599,6,85,376,2,1,0
0,599,3,180,78,0,0,1
0,600,1,121,376,2,1,0
0,600,2,168,365,0,1,0
0,600,5,163,205,1,0,0
0,600,4,219,154,1,0,0
0,600,6,85,377,2,1,0
0,600,3,181,79,0,0,1
0,601,1,121,376,1,1,0
0,601,2,168,365,0,1,0
0,601,5,163,207,2,0,0
0,601,4,218,151,3,0,0
0,601,6,85,376,2,1,0
0,601,3,182,84,4,0,1
0,602,1,121,376,0,1,0
0,602,2,167,365,0,1,0
0,602,5,163,207,0,0,0
0,602,4,217,141,10,0,0
0,602,6,85,376,0,1,0
0,602,3,185,90,5,0,1
0,603,1,121,376,0,1,0
0,603,2,167,365,0,1,0
0,603,5,163,207,0,0,0
0,603,4,217,137,3,0,0
0,603,6,85,376,0,1,0
0,603,3,185,92,1,0,1
0,604,1,121,376,0,1,0
0,604,2,168,365,0,1,0
0,604,5,163,207,0,0,0
0,604,4,217,137,0,0,0
0,604,6,85,376,0,1,0
0,604,3,183,91,2,0,1
0,605,1,121,376,0,1,0
0,605,2,168,365,0,1,0
0,605,5,163,206,1,0,0
0,605,4,218,138,0,0,0
0,605,6,85,375,1,1,0
0,605,3,182,90,1,0,1
0,606,1,121,377,0,1,0
0,606,2,168,365,0,1,0
0,606,5,163,205,1,0,0
0,606,4,218,138,0,0,0
0,606,6,85,375,0,1,0
0,606,3,181,90,0,0,1
0,607,1,121,377,0,1,0
0,607,2,167,365,1,1,0
0,607,5,163,205,1,0,0
0,607,4,218,138,0,0,0
0,607,6,85,376,1,1,0
0,607,3,182,91,0,0,1
0,608,1,121,377,0,1,0
0,608,2,167,365,0,1,0
0,608,5,163,205,0,0,0
0,608,4,218,138,1,0,0
0,608,6,85,376,0,1,0
0,608,3,182,92,0,0,1
0,609,1,121,376,0,1,0
0,609,2,167,365,0,1,0
0,609,5,162,204,2,0,0
0,609,4,218,138,0,0,0
0,609,6,85,376,1,1,0
0,609,3,182,92,0,0,1
0,610,1,121,376,0,1,0
0,610,2,167,365,0,1,0
0,610,5,161,199,5,0,0
0,610,4,217,138,0,0,0
0,610,6,85,377,0,1,0
0,610,3,182,93,0,0,1
0,611,1,121,376,0,1,0
0,611,2,167,365,1,1,0
0,611,5,161,197,2,0,0
0,611,4,216,137,1,0,0
0,611,6,85,377,0,1,0
0,611,3,183,94,1,0,1
0,612,1,122,376,0,1,0
0,612,2,167,364,1,1,0
0,612,5,161,195,2,0,0
0,612,4,216,138,1,0,0
0,612,6,84,377,0,1,0
0,612,3,183,94,0,0,1
0,613,1,121,376,0,1,0
0,613,2,166,364,0,1,0
0,613,5,160,194,1,0,0
0,613,4,216,137,0,0,0
0,613,6,84,377,0,1,0
0,613,3,183,94,0,0,1
0,614,1,121,377,0,1,0
0,614,2,166,364,0,1,0
0,614,5,161,193,0,0,0
0,614,4,215,137,1,0,0
0,614,6,85,377,0,1,0
0,614,3,181,92,4,0,1
0,615,1,121,376,1,1,0
0,615,2,166,365,0,1,0
0,615,5,160,194,0,0,0
0,615,4,215,137,0,0,0
0,615,6,84,376,1,1,0
0,615,3,183,94,3,0,1
0,616,1,121,376,0,1,0
0,616,2,167,365,0,1,0
0,616,5,161,194,1,0,0
0,616,4,214,136,1,0,0
0,616,6,84,376,1,1,0
0,616,3,183,93,1,0,1
0,617,1,121,376,0,1,0
0,617,2,166,364,0,1,0
0,617,5,161,194,0,0,0
0,617,4,214,135,1,0,0
0,617,6,84,376,0,1,0
0,617,3,184,92,1,0,1
0,618,1,121,376,0,1,0
0,618,2,166,364,0,1,0
0,618,5,161,193,1,0,0
0,618,4,215,138,2,0,0
0,618,6,85,376,1,1,0
0,618,3,184,94,1,0,1
0,619,1,121,376,0,1,0
0,619,2,166,364,1,1,0
0,619,5,162,193,0,0,0
0,619,4,215,138,1,0,0
0,619,6,84,376,0,1,0
0,619,3,183,93,0,0,1
0,620,1,121,376,0,1,0
0,620,2,166,364,0,1,0
0,620,5,162,194,0,0,0
0,620,4,216,142,3,0,0
0,620,6,85,376,0,1,0
0,620,3,182,91,2,0,1
0,621,1,120,376,0,1,0
0,621,2,167,364,1,1,0
0,621,5,162,193,1,0,0
0,621,4,216,142,0,0,0
0,621,6,85,375,1,1,0
0,621,3,182,89,1,0,1
0,622,1,120,376,1,1,0
0,622,2,167,364,0,1,0
0,622,5,162,193,0,0,0
0,622,4,215,137,5,0,0
0,622,6,85,375,1,1,0
0,622,3,185,92,4,0,1
0,623,1,120,376,1,1,0
0,623,2,166,364,0,1,0
0,623,5,162,193,0,0,0
0,623,4,214,134,2,0,0
0,623,6,85,375,0,1,0
0,624,1,120,377,1,1,0
0,624,2,166,364,0,1,0
0,624,5,163,193,0,0,0
0,624,4,214,134,0,0,0
0,624,6,86,375,0,1,0
0,625,1,120,377,1,1,0
0,625,2,166,364,0,1,0
0,625,5,163,192,1,0,0
0,625,4,215,135,1,0,0
0,625,6,86,376,2,1,0
0,626,1,120,377,1,1,0
0,626,2,166,364,0,1,0
0,626,5,163,192,0,0,0
0,626,4,215,135,0,0,0
0,626,6,86,376,1,1,0
0,627,1,120,377,0,1,0
0,627,2,166,364,0,1,0
0,627,5,163,192,0,0,0
0,627,4,215,136,0,0,0
0,627,6,86,375,2,1,0
0,628,1,120,376,0,1,0
0,628,2,167,364,0,1,0
0,628,5,163,191,1,0,0
0,628,4,215,136,0,0,0
0,628,6,86,375,2,1,0
0,629,1,119,376,2,1,0
0,629,2,167,364,0,1,0
0,629,5,163,192,0,0,0
0,629,4,217,136,2,0,0
0,629,6,86,374,2,1,0
0,629,3,187,94,0,0,1
0,630,1,119,375,1,1,0
0,630,2,167,364,0,1,0
0,630,5,163,192,0,0,0
0,630,4,217,137,1,0,0
0,630,6,86,374,0,1,0
0,630,3,187,92,1,0,1
0,631,1,119,375,0,1,0
0,631,2,167,364,0,1,0
0,631,5,164,193,0,0,0
0,631,4,219,138,2,0,0
0,631,6,85,373,1,1,0
0,631,3,188,91,2,0,1
0,632,1,119,375,1,1,0
0,632,2,167,364,0,1,0
0,632,5,164,192,1,0,0
0,632,4,219,136,1,0,0
0,632,6,85,373,0,1,0
0,632,3,189,92,2,0,1
0,633,1,119,374,1,1,0
0,633,2,167,364,0,1,0
0,633,5,164,192,0,0,0
0,633,4,220,139,3,0,0
0,633,6,87,372,4,1,0
0,633,3,189,91,0,0,1
0,634,1,118,374,0,1,0
0,634,2,167,364,0,1,0
0,634,5,164,192,0,0,0
0,634,4,222,146,6,0,0
0,634,6,87,372,1,1,0
0,634,3,188,88,2,0,1
0,635,1,118,373,1,1,0
0,635,2,167,364,0,1,0
0,635,5,164,192,0,0,0
0,635,4,222,147,1,0,0
0,635,6,87,372,1,1,0
0,635,3,188,88,0,0,1
0,636,1,118,373,1,1,0
0,636,2,167,364,0,1,0
0,636,5,164,193,1,0,0
0,636,4,223,150,3,0,0
0,636,6,87,372,1,1,0
0,636,3,188,87,1,0,1
0,637,1,118,372,2,1,0
0,637,2,167,364,0,1,0
0,637,5,165,193,0,0,0
0,637,4,222,147,3,0,0
0,637,6,87,371,0,1,0
0,637,3,189,87,1,0,1
0,638,1,118,372,1,1,0
0,638,2,167,364,0,1,0
0,638,5,165,193,0,0,0
0,638,4,220,141,5,0,0
0,638,6,86,371,1,1,0
0,638,3,190,88,1,0,1
0,638,7,221,379,0,1,0
0,639,1,118,372,0,1,0
0,639,2,167,364,0,1,0
0,639,5,165,193,0,0,0
0,639,4,220,143,1,0,0
0,639,6,86,371,1,1,0
0,639,3,190,87,0,0,1
0,639,7,221,379,0,1,0
0,640,1,118,372,0,1,0
0,640,2,167,364,0,1,0
0,640,5,165,192,1,0,0
0,640,4,220,145,2,0,0
0,640,6,86,371,0,1,0
0,640,3,188,84,3,0,1
0,640,7,221,379,0,1,0
0,641,1,118,372,3,1,0
0,641,2,167,364,0,1,0
0,641,5,164,191,2,0,0
0,641,4,217,137,8,0,0
0,641,6,86,371,0,1,0
0,641,3,189,89,3,0,1
0,642,1,118,373,2,1,0
0,642,2,167,364,0,1,0
0,642,5,164,191,0,0,0
0,642,4,217,133,3,0,0
0,642,6,86,372,0,1,0
0,642,3,191,90,1,0,1
0,643,1,118,373,0,1,0
0,643,2,167,364,0,1,0
0,643,5,165,191,0,0,0
0,643,4,218,131,4,0,0
0,643,6,86,372,0,1,0
0,643,3,191,89,0,0,1
0,644,1,118,373,2,1,0
0,644,2,167,364,1,1,0
0,644,5,164,191,0,0,0
0,644,4,219,131,0,0,0
0,644,6,86,371,1,1,0
0,644,3,192,89,1,0,1
0,645,1,118,373,0,1,0
0,645,2,167,365,0,1,0
0,645,5,164,191,0,0,0
0,645,4,220,132,2,0,0
0,645,6,86,371,0,1,0
0,645,3,192,89,0,0,1
0,646,1,118,373,0,1,0
0,646,2,168,365,1,1,0
0,646,5,165,192,1,0,0
0,646,4,220,132,0,0,0
0,646,6,87,371,3,1,0
0,646,3,192,89,0,0,1
0,647,1,118,373,0,1,0
0,647,2,168,365,0,1,0
0,647,5,165,193,0,0,0
0,647,4,220,132,0,0,0
0,647,6,88,371,3,1,0
0,647,3,192,89,0,0,1
0,648,1,118,374,1,1,0
0,648,2,168,365,0,1,0
0,648,5,165,192,0,0,0
0,648,4,219,131,1,0,0
0,648,6,89,370,1,1,0
0,648,3,192,89,0,0,1
0,649,1,118,374,1,1,0
0,649,2,168,365,0,1,0
0,649,5,165,193,0,0,0
0,649,4,219,131,0,0,0
0,649,6,89,370,1,1,0
0,650,1,119,375,1,1,0
0,650,2,168,365,0,1,0
0,650,5,165,192,0,0,0
0,650,4,219,130,0,0,0
0,650,6,89,371,1,1,0
0,651,1,119,376,3,1,0
0,651,2,168,365,0,1,0
0,651,5,165,193,0,0,0
0,651,4,218,129,2,0,0
0,651,6,90,371,0,1,0
0,652,1,120,377,2,1,0
0,652,2,168,365,0,1,0
0,652,5,166,193,1,0,0
0,652,4,218,129,0,0,0
0,652,6,90,371,0,1,0
0,653,1,120,377,0,1,0
0,653,2,167,365,2,1,0
0,653,5,166,194,1,0,0
0,653,4,217,129,0,0,0
0,653,6,90,371,0,1,0
0,654,1,120,377,0,1,0
0,654,2,167,365,1,1,0
0,654,5,166,193,0,0,0
0,654,4,218,130,1,0,0
0,654,6,90,371,0,1,0
0,655,1,121,377,1,1,0
0,655,2,166,365,1,1,0
0,655,5,166,194,1,0,0
0,655,4,219,132,2,0,0
0,655,6,90,371,0,1,0
0,656,1,121,378,2,1,0
0,656,2,167,365,1,1,0
0,656,5,167,195,1,0,0
0,656,4,219,131,1,0,0
0,656,6,88,372,8,1,0
0,657,1,121,378,1,1,0
0,657,2,167,366,1,1,0
0,657,5,168,195,2,0,0
0,657,4,218,129,1,0,0
0,657,6,86,371,4,1,0
0,658,1,122,378,0,1,0
0,658,2,167,366,1,1,0
0,658,5,169,196,1,0,0
0,658,4,217,129,2,0,0
0,658,6,85,371,1,1,0
0,659,1,122,378,0,1,0
0,659,2,168,366,1,1,0
0,659,5,170,196,0,0,0
0,659,4,216,129,1,0,0
0,659,6,88,373,7,1,0
0,660,1,122,379,1,1,0
0,660,2,169,367,2,1,0
0,660,5,169,196,1,0,0
0,660,4,216,128,0,0,0
0,660,6,88,374,2,1,0
0,661,1,122,379,1,1,0
0,661,2,169,367,0,1,0
0,661,5,170,197,2,0,0
0,661,4,216,129,1,0,0
0,661,6,88,374,1,1,0
0,662,1,123,379,1,1,0
0,662,2,169,367,1,1,0
0,662,5,171,197,1,0,0
0,662,4,216,131,2,0,0
0,662,6,88,375,1,1,0
0,662,3,220,379,0,1,0
0,663,1,123,379,1,1,0
0,663,2,169,366,0,1,0
0,663,5,170,196,2,0,0
0,663,4,217,134,3,0,0
0,663,6,89,375,2,1,0
0,663,3,220,379,0,1,0
0,664,1,123,379,1,1,0
0,664,2,170,366,1,1,0
0,664,5,169,195,1,0,0
0,664,4,217,132,1,0,0
0,664,6,90,376,1,1,0
0,664,3,220,379,0,1,0
0,665,1,123,379,1,1,0
0,665,2,169,366,0,1,0
0,665,5,169,195,1,0,0
0,665,4,218,134,1,0,0
0,665,6,90,376,0,1,0
0,665,3,220,379,0,1,0
0,666,1,123,378,0,1,0
0,666,2,169,366,1,1,0
0,666,5,168,196,2,0,0
0,666,4,218,135,1,0,0
0,666,6,90,376,0,1,0
0,666,3,220,379,0,1,0
0,667,1,124,378,1,1,0
0,667,2,170,366,1,1,0
0,667,5,168,197,0,0,0
0,667,4,216,133,4,0,0
0,667,6,91,376,0,1,0
0,667,3,220,379,0,1,0
0,667,7,192,88,0,0,1
0,668,1,124,379,0,1,0
0,668,2,171,367,2,1,0
0,668,5,167,197,3,0,0
0,668,4,217,135,2,0,0
0,668,3,220,379,0,1,0
0,668,7,192,91,3,0,1
0,669,1,123,378,0,1,0
0,669,2,171,366,0,1,0
0,669,5,166,197,2,0,0
0,669,4,218,134,1,0,0
0,669,3,220,379,1,1,0
0,669,7,192,93,1,0,1
0,670,1,123,378,0,1,0
0,670,2,171,366,0,1,0
0,670,5,168,197,4,0,0
0,670,4,220,137,4,0,0
0,670,3,220,379,0,1,0
0,670,7,191,93,1,0,1
0,671,1,123,378,0,1,0
0,671,2,171,366,1,1,0
0,671,5,169,196,3,0,0
0,671,4,221,138,2,0,0
0,671,7,191,92,0,0,1
0,672,1,123,378,1,1,0
0,672,2,172,366,1,1,0
0,672,5,169,196,1,0,0
0,672,4,223,139,4,0,0
0,672,7,188,89,4,0,1
0,673,1,123,377,0,1,0
0,673,2,172,366,0,1,0
0,673,5,169,196,0,0,0
0,673,4,226,142,6,0,0
0,673,7,187,87,2,0,1
0,673,3,220,379,0,1,0
0,674,1,123,377,0,1,0
0,674,2,171,365,1,1,0
0,674,5,169,196,0,0,0
0,674,4,224,140,4,0,0
0,674,7,189,87,3,0,1
0,674,3,220,379,0,1,0
0,675,1,123,377,0,1,0
0,675,2,170,366,3,1,0
0,675,5,169,196,0,0,0
0,675,4,222,142,4,0,0
0,675,7,188,87,1,0,1
0,675,3,220,379,0,1,0
0,676,1,123,377,1,1,0
0,676,2,170,366,2,1,0
0,676,5,170,197,1,0,0
0,676,4,222,143,1,0,0
0,676,7,187,85,2,0,1
0,676,3,220,379,0,1,0
0,677,1,123,377,0,1,0
0,677,2,170,367,1,1,0
0,677,5,171,197,1,0,0
0,677,4,221,145,2,0,0
0,677,7,188,85,0,0,1
0,677,3,220,379,1,1,0
0,678,1,123,377,0,1,0
0,678,2,170,368,2,1,0
0,678,5,172,196,2,0,0
0,678,4,221,144,1,0,0
0,678,7,187,86,1,0,1
0,678,3,220,379,1,1,0
0,679,1,123,378,0,1,0
0,679,2,170,368,1,1,0
0,679,5,171,196,1,0,0
0,679,4,222,144,1,0,0
0,679,7,187,86,0,0,1
0,680,1,123,377,0,1,0
0,680,2,170,368,0,1,0
0,680,5,171,194,2,0,0
0,680,4,220,140,4,0,0
0,680,3,220,379,0,1,0
0,681,1,123,377,0,1,0
0,681,2,170,368,1,1,0
0,681,5,172,193,1,0,0
0,681,4,220,138,1,0,0
0,682,1,122,377,0,1,0
0,682,2,170,368,0,1,0
0,682,5,173,194,2,0,0
0,682,4,221,138,2,0,0
0,682,3,219,379,0,1,0
0,683,1,122,377,0,1,0
0,683,2,170,367,2,1,0
0,683,5,174,193,1,0,0
0,683,4,221,137,1,0,0
0,684,1,122,377,0,1,0
0,684,2,170,367,0,1,0
0,684,5,174,192,1,0,0
0,684,4,223,140,3,0,0
0,684,3,219,379,0,1,0
0,685,1,122,377,0,1,0
0,685,2,170,368,1,1,0
0,685,5,174,192,0,0,0
0,685,4,222,143,3,0,0
0,685,3,220,379,0,1,0
0,686,1,122,377,0,1,0
0,686,2,170,368,0,1,0
0,686,5,174,191,1,0,0
0,686,4,221,140,2,0,0
0,686,3,220,379,1,1,0
0,687,1,122,377,0,1,0
0,687,2,170,368,0,1,0
0,687,5,174,191,1,0,0
0,687,4,220,137,4,0,0
0,687,3,219,378,0,1,0
0,688,1,122,377,0,1,0
0,688,2,169,367,0,1,0
0,688,5,174,190,0,0,0
0,688,4,220,137,1,0,0
0,688,3,219,378,2,1,0
0,689,1,122,377,0,1,0
0,689,2,170,367,0,1,0
0,689,5,173,191,2,0,0
0,689,4,218,135,3,0,0
0,689,3,219,377,0,1,0
0,690,1,122,377,0,1,0
0,690,2,170,368,0,1,0
0,690,5,171,193,3,0,0
0,690,4,218,133,2,0,0
0,690,3,219,378,0,1,0
0,691,1,122,377,1,1,0
0,691,2,169,368,1,1,0
0,691,5,171,191,1,0,0
0,691,4,219,138,5,0,0
0,691,3,220,379,3,1,0
0,692,1,122,377,1,1,0
0,692,2,169,367,0,1,0
0,692,5,171,193,1,0,0
0,692,4,218,143,6,0,0
0,692,3,220,379,0,1,0
0,693,1,122,377,0,1,0
0,693,2,169,368,0,1,0
0,693,5,170,192,2,0,0
0,693,4,218,148,5,0,0
0,693,3,219,377,3,1,0
0,694,1,122,377,0,1,0
0,694,2,169,368,0,1,0
0,694,5,169,191,2,0,0
0,694,4,218,152,4,0,0
0,694,3,219,378,0,1,0
0,695,1,122,377,0,1,0
0,695,2,169,368,0,1,0
0,695,5,168,191,1,0,0
0,695,4,218,154,1,0,0
0,695,3,219,377,3,1,0
0,696,1,122,377,1,1,0
0,696,2,169,365,6,1,0
0,696,5,167,191,2,0,0
0,696,4,218,155,1,0,0
0,696,3,219,376,2,1,0
0,697,1,121,377,0,1,0
0,697,2,169,364,2,1,0
0,697,5,166,191,1,0,0
0,697,4,219,156,2,0,0
0,697,3,219,376,0,1,0
0,698,1,121,377,0,1,0
0,698,2,169,364,1,1,0
0,698,5,166,191,1,0,0
0,698,4,220,155,3,0,0
0,698,3,219,377,2,1,0
0,699,1,121,377,0,1,0
0,699,2,170,365,2,1,0
0,699,5,166,190,1,0,0
0,699,4,220,147,8,0,0
0,699,3,219,378,2,1,0
0,700,1,122,377,1,1,0
0,700,2,170,365,1,1,0
0,700,5,165,187,3,0,0
0,700,4,220,148,1,0,0
0,700,3,220,378,2,1,0
0,701,1,122,378,1,1,0
0,701,2,170,367,3,1,0
0,701,5,165,186,1,0,0
0,701,4,220,151,3,0,0
0,701,3,220,379,1,1,0
0,702,1,121,378,0,1,0
0,702,2,170,367,1,1,0
0,702,5,164,184,1,0,0
0,702,4,221,158,7,0,0
0,702,3,220,379,1,1,0
0,703,1,122,378,0,1,0
0,703,2,170,367,0,1,0
0,703,5,163,180,4,0,0
0,703,4,220,159,2,0,0
0,703,3,220,378,0,1,0
0,704,1,122,378,0,1,0
0,704,2,170,367,0,1,0
0,704,5,163,178,2,0,0
0,704,4,219,161,3,0,0
0,704,3,220,378,1,1,0
0,705,1,122,378,0,1,0
0,705,2,170,368,1,1,0
0,705,5,163,178,0,0,0
0,705,4,219,163,2,0,0
0,705,3,220,378,0,1,0
0,706,1,122,378,1,1,0
0,706,2,170,368,0,1,0
0,706,5,163,176,1,0,0
0,706,4,219,162,0,0,0
0,706,3,220,378,2,1,0
0,707,1,122,378,0,1,0
0,707,2,170,368,0,1,0
0,707,5,163,176,1,0,0
0,707,4,219,164,2,0,0
0,707,3,220,377,1,1,0
0,708,1,122,378,0,1,0
0,708,2,171,368,0,1,0
0,708,5,163,174,2,0,0
0,708,4,219,165,1,0,0
0,708,3,220,378,1,1,0
0,709,1,123,378,0,1,0
0,709,2,171,368,0,1,0
0,709,5,165,172,6,0,0
0,709,4,218,168,4,0,0
0,709,3,220,377,0,1,0
0,710,1,122,378,0,1,0
0,710,2,171,368,0,1,0
0,710,5,166,172,1,0,0
0,710,4,215,169,5,0,0
0,710,3,221,377,0,1,0
0,711,1,123,378,0,1,0
0,711,2,170,366,3,1,0
0,711,5,163,172,6,0,0
0,711,4,217,166,4,0,0
0,711,3,221,377,0,1,0
0,712,1,123,378,0,1,0
0,712,2,170,365,2,1,0
0,712,5,162,171,1,0,0
0,712,4,217,165,2,0,0
0,712,3,221,377,0,1,0
0,713,1,123,378,0,1,0
0,713,2,170,366,2,1,0
0,713,5,162,169,3,0,0
0,713,4,217,164,1,0,0
0,713,3,220,377,2,1,0
0,714,1,123,378,0,1,0
0,714,2,170,367,1,1,0
0,714,5,163,168,1,0,0
0,714,4,217,164,0,0,0
0,714,3,220,376,0,1,0
0,715,1,122,378,0,1,0
0,715,2,170,367,0,1,0
0,715,5,163,169,0,0,0
0,715,4,218,165,1,0,0
0,715,3,220,377,0,1,0
0,716,1,123,378,0,1,0
0,716,2,170,367,0,1,0
0,716,5,163,171,2,0,0
0,716,4,217,167,2,0,0
0,716,3,220,377,0,1,0
0,717,1,122,378,0,1,0
0,717,2,170,367,0,1,0
0,717,5,163,168,2,0,0
0,717,4,218,168,2,0,0
0,717,3,220,377,1,1,0
0,718,1,122,378,0,1,0
0,718,2,169,366,1,1,0
0,718,5,163,170,1,0,0
0,718,4,219,167,2,0,0
0,718,3,220,377,1,1,0
0,719,1,122,378,0,1,0
0,719,2,169,366,0,1,0
0,719,5,163,171,1,0,0
0,719,4,220,168,1,0,0
0,719,3,220,378,1,1,0
0,720,1,122,378,0,1,0
0,720,2,169,366,0,1,0
0,720,5,162,171,0,0,0
0,720,4,219,170,2,0,0
0,720,3,220,378,0,1,0
0,721,1,122,377,1,1,0
0,721,2,169,366,0,1,0
0,721,5,163,171,2,0,0
0,721,4,219,170,1,0,0
0,721,3,220,377,1,1,0
0,721,6,197,310,0,0,0
0,722,1,122,377,0,1,0
0,722,2,169,366,0,1,0
0,722,5,164,171,1,0,0
0,722,4,220,172,2,0,0
0,722,3,220,377,1,1,0
0,722,6,198,311,2,0,0
0,723,1,122,377,0,1,0
0,723,2,169,366,0,1,0
0,723,5,164,172,1,0,0
0,723,4,221,172,1,0,0
0,723,3,220,377,1,1,0
0,723,6,198,311,1,0,0
0,724,1,122,377,0,1,0
0,724,2,169,366,0,1,0
0,724,5,166,171,3,0,0
0,724,4,220,173,1,0,0
0,724,3,220,377,0,1,0
0,724,6,198,312,2,0,0
0,725,1,122,377,0,1,0
0,725,2,169,366,0,1,0
0,725,5,167,173,2,0,0
0,725,4,221,175,1,0,0
0,725,3,220,377,1,1,0
0,725,6,198,312,0,0,0
0,726,1,122,377,0,1,0
0,726,2,169,366,0,1,0
0,726,5,168,174,0,0,0
0,726,4,221,179,4,0,0
0,726,3,220,377,2,1,0
0,726,6,199,313,1,0,0
0,727,1,122,377,0,1,0
0,727,2,170,367,1,1,0
0,727,5,168,173,1,0,0
0,727,4,220,181,3,0,0
0,727,3,219,376,1,1,0
0,727,6,196,313,7,0,0
0,728,1,122,377,0,1,0
0,728,2,170,367,0,1,0
0,728,5,168,172,0,0,0
0,728,4,220,183,2,0,0
0,728,3,219,376,0,1,0
0,728,6,195,313,2,0,0
0,729,1,122,378,0,1,0
0,729,2,170,366,1,1,0
0,729,5,167,173,1,0,0
0,729,4,220,183,1,0,0
0,729,3,219,376,1,1,0
0,729,6,195,313,1,0,0
0,730,1,122,378,0,1,0
0,730,2,169,366,0,1,0
0,730,5,167,174,1,0,0
0,730,4,220,183,0,0,0
0,730,3,219,376,2,1,0
0,730,6,198,313,7,0,0
0,731,1,122,378,0,1,0
0,731,2,169,366,0,1,0
0,731,5,167,173,0,0,0
0,731,4,221,185,2,0,0
0,731,3,219,376,0,1,0
0,731,6,199,313,4,0,0
0,732,1,122,378,0,1,0
0,732,2,169,366,0,1,0
0,732,5,167,173,0,0,0
0,732,4,220,186,1,0,0
0,732,3,219,376,0,1,0
0,733,1,122,378,0,1,0
0,733,2,170,366,2,1,0
0,733,5,167,174,0,0,0
0,733,4,220,187,1,0,0
0,733,3,220,376,1,1,0
0,734,1,123,378,0,1,0
0,734,2,170,365,1,1,0
0,734,5,167,173,0,0,0
0,734,4,220,189,3,0,0
0,734,3,220,376,0,1,0
0,735,1,123,378,0,1,0
0,735,2,170,366,1,1,0
0,735,5,166,173,0,0,0
0,735,4,220,190,0,0,0
0,735,3,220,377,1,1,0
0,736,1,123,378,0,1,0
0,736,2,169,365,0,1,0
0,736,5,165,173,2,0,0
0,736,4,220,191,1,0,0
0,736,3,220,377,0,1,0
0,737,1,122,378,0,1,0
0,737,2,169,365,1,1,0
0,737,5,163,170,3,0,0
0,737,4,221,186,6,0,0
0,737,3,220,377,0,1,0
0,738,1,122,378,1,1,0
0,738,2,168,365,1,1,0
0,738,5,163,170,1,0,0
0,738,4,222,182,6,0,0
0,738,3,220,377,0,1,0
0,739,1,122,378,0,1,0
0,739,2,168,365,1,1,0
0,739,5,163,171,1,0,0
0,739,4,223,184,3,0,0
0,739,3,220,377,0,1,0
0,740,1,122,378,1,1,0
0,740,2,167,365,1,1,0
0,740,5,163,172,0,0,0
0,740,4,224,186,3,0,0
0,740,3,220,377,0,1,0
0,741,1,122,378,0,1,0
0,741,2,167,365,1,1,0
0,741,5,163,172,0,0,0
0,741,4,223,187,1,0,0
0,741,3,220,377,1,1,0
0,742,1,121,378,1,1,0
0,742,2,167,365,1,1,0
0,742,5,162,171,1,0,0
0,742,4,222,186,3,0,0
0,742,3,220,376,1,1,0
0,743,1,121,378,1,1,0
0,743,2,167,365,0,1,0
0,743,5,162,169,2,0,0
0,743,4,221,186,1,0,0
0,743,3,220,375,4,1,0
0,744,1,121,378,1,1,0
0,744,2,168,366,3,1,0
0,744,5,163,168,1,0,0
0,744,4,220,188,3,0,0
0,744,3,220,376,3,1,0
0,745,1,121,378,0,1,0
0,745,2,168,367,1,1,0
0,745,5,163,169,1,0,0
0,745,4,221,192,4,0,0
0,745,3,220,376,1,1,0
0,745,6,248,139,0,0,0
0,746,1,120,378,0,1,0
0,746,2,168,367,1,1,0
0,746,5,163,170,0,0,0
0,746,4,220,194,4,0,0
0,746,3,221,377,1,1,0
0,746,6,248,141,1,0,0
0,747,1,120,377,1,1,0
0,747,2,168,368,1,1,0
0,747,5,163,170,1,0,0
0,747,4,213,197,18,0,0
0,747,3,221,377,1,1,0
0,747,6,249,144,3,0,0
0,748,1,122,378,3,1,0
0,748,2,168,368,0,1,0
0,748,5,163,170,0,0,0
0,748,4,209,199,9,0,0
0,748,3,221,377,0,1,0
0,748,6,250,145,2,0,0
0,749,1,122,378,1,1,0
0,749,2,168,368,0,1,0
0,749,5,164,171,2,0,0
0,749,4,207,200,3,0,0
0,749,3,221,377,0,1,0
0,749,6,252,144,3,0,0
0,750,1,122,378,0,1,0
0,750,2,168,368,1,1,0
0,750,5,166,172,3,0,0
0,750,4,205,200,4,0,0
0,750,3,221,377,0,1,0
0,750,6,253,145,1,0,0
0,751,1,123,378,0,1,0
0,751,2,167,367,2,1,0
0,751,5,167,175,3,0,0
0,751,4,204,202,3,0,0
0,751,3,221,378,3,1,0
0,751,6,252,143,2,0,0
0,752,1,123,378,0,1,0
0,752,2,168,368,2,1,0
0,752,5,169,176,3,0,0
0,752,4,203,204,4,0,0
0,752,3,221,378,1,1,0
0,752,6,252,145,2,0,0
0,753,1,122,378,1,1,0
0,753,2,168,368,1,1,0
0,753,5,170,176,0,0,0
0,753,4,202,203,1,0,0
0,753,3,221,378,0,1,0
0,753,6,252,147,1,0,0
0,754,1,122,377,1,1,0
0,754,2,168,369,1,1,0
0,754,5,170,178,2,0,0
0,754,4,201,205,4,0,0
0,754,3,221,378,0,1,0
0,754,6,252,147,0,0,0
0,755,1,121,377,1,1,0
0,755,2,167,369,3,1,0
0,755,4,200,205,3,0,0
0,755,3,222,378,1,1,0
0,755,6,254,147,2,0,0
0,756,1,121,377,0,1,0
0,756,2,167,369,1,1,0
0,756,4,198,206,3,0,0
0,756,3,222,378,1,1,0
0,756,6,255,146,2,0,0
0,757,1,121,376,1,1,0
0,757,2,167,368,2,1,0
0,757,4,197,208,3,0,0
0,757,3,222,378,1,1,0
0,757,6,256,144,2,0,0
0,758,1,120,376,1,1,0
0,758,2,167,368,1,1,0
0,758,4,192,209,11,0,0
0,758,3,221,377,3,1,0
0,758,6,257,142,3,0,0
0,759,1,120,375,1,1,0
0,759,2,167,368,0,1,0
0,759,4,188,208,7,0,0
0,759,3,221,377,0,1,0
0,759,6,258,143,2,0,0
0,760,1,120,375,0,1,0
0,760,2,167,368,1,1,0
0,760,4,186,210,7,0,0
0,760,3,221,376,1,1,0
0,760,6,260,144,4,0,0
0,761,1,120,375,0,1,0
0,761,2,167,369,2,1,0
0,761,4,184,214,8,0,0
0,761,3,221,376,1,1,0
0,761,6,262,148,5,0,0
0,762,1,119,375,1,1,0
0,762,2,167,370,2,1,0
0,762,4,183,217,5,0,0
0,762,3,221,376,1,1,0
0,762,6,264,151,5,0,0
0,763,1,119,375,1,1,0
0,763,2,167,370,2,1,0
0,763,4,181,220,7,0,0
0,763,3,221,376,0,1,0
0,763,6,265,153,3,0,0
0,764,1,119,375,0,1,0
0,764,2,167,370,0,1,0
0,764,4,179,224,8,0,0
0,764,3,221,376,0,1,0
0,764,6,266,155,1,0,0
0,765,1,119,376,1,1,0
0,765,2,167,370,0,1,0
0,765,4,177,224,5,0,0
0,765,3,221,376,0,1,0
0,765,6,266,159,3,0,0
0,766,1,120,376,0,1,0
0,766,2,167,369,3,1,0
0,766,4,175,227,5,0,0
0,766,3,221,376,0,1,0
0,766,6,266,159,0,0,0
0,767,1,119,375,2,1,0
0,767,2,167,369,1,1,0
0,767,4,174,228,3,0,0
0,767,3,221,376,1,1,0
0,767,6,267,163,3,0,0
0,768,1,119,375,1,1,0
0,768,2,167,368,1,1,0
0,768,4,172,225,5,0,0
0,768,3,221,376,0,1,0
0,768,6,267,164,1,0,0
0,769,1,120,376,2,1,0
0,769,2,167,370,4,1,0
0,769,4,173,221,6,0,0
0,769,3,220,376,0,1,0
0,769,6,268,167,3,0,0
0,770,1,120,375,0,1,0
0,770,2,167,370,1,1,0
0,770,4,176,222,7,0,0
0,770,3,220,376,1,1,0
0,770,6,268,169,1,0,0
0,771,1,119,375,1,1,0
0,771,2,167,370,0,1,0
0,771,4,179,223,4,0,0
0,771,3,220,376,0,1,0
0,771,6,268,171,2,0,0
0,772,1,119,374,1,1,0
0,772,2,167,370,0,1,0
0,772,4,179,225,1,0,0
0,772,3,220,376,0,1,0
0,772,6,267,175,4,0,0
0,773,1,119,375,1,1,0
0,773,2,167,370,0,1,0
0,773,4,182,220,11,0,0
0,773,3,221,376,0,1,0
0,773,6,267,178,4,0,0
0,774,1,119,375,0,1,0
0,774,2,167,370,0,1,0
0,774,4,184,207,19,0,0
0,774,3,221,376,0,1,0
0,774,6,267,181,2,0,0
0,775,1,119,373,4,1,0
0,775,2,167,370,2,1,0
0,775,4,185,198,13,0,0
0,775,3,220,375,1,1,0
0,775,6,269,185,5,0,0
0,775,5,182,294,0,0,0
0,776,1,119,373,1,1,0
0,776,2,167,369,1,1,0
0,776,4,186,200,3,0,0
0,776,3,220,375,0,1,0
0,776,6,269,190,6,0,0
0,776,5,182,294,1,0,0
0,777,1,119,373,1,1,0
0,777,2,167,369,1,1,0
0,777,4,187,197,4,0,0
0,777,3,220,376,1,1,0
0,777,6,269,196,7,0,0
0,777,5,175,264,53,0,0
0,778,1,119,373,0,1,0
0,778,2,167,369,0,1,0
0,778,4,188,196,3,0,0
0,778,3,220,376,1,1,0
0,778,6,269,197,1,0,0
0,778,5,166,256,21,0,0
0,779,1,119,373,0,1,0
0,779,2,166,368,1,1,0
0,779,4,188,195,1,0,0
0,779,3,220,376,0,1,0
0,779,6,268,202,6,0,0
0,780,1,119,372,1,1,0
0,780,2,166,368,0,1,0
0,780,4,188,194,0,0,0
0,780,3,220,376,0,1,0
0,780,6,268,205,4,0,0
0,780,5,163,276,0,0,0
0,781,1,119,371,3,1,0
0,781,2,167,368,3,1,0
0,781,4,188,194,1,0,0
0,781,3,220,376,0,1,0
0,781,6,268,208,3,0,0
0,781,5,159,276,10,0,0
0,782,1,119,371,1,1,0
0,782,2,167,368,1,1,0
0,782,4,189,194,1,0,0
0,782,3,220,376,0,1,0
0,782,6,268,210,3,0,0
0,782,5,153,275,14,0,0
0,783,1,119,371,1,1,0
0,783,2,167,369,0,1,0
0,783,4,190,194,2,0,0
0,783,3,220,375,0,1,0
0,783,6,267,214,5,0,0
0,783,5,146,276,16,0,0
0,783,7,195,298,0,0,0
0,784,1,119,371,0,1,0
0,784,2,167,369,0,1,0
0,784,4,192,195,3,0,0
0,784,3,220,375,0,1,0
0,784,6,266,221,10,0,0
0,784,5,142,277,11,0,0
0,784,7,196,300,2,0,0
0,785,1,119,371,0,1,0
0,785,2,167,369,0,1,0
0,785,4,193,199,3,0,0
0,785,3,219,375,2,1,0
0,785,6,268,228,10,0,0
0,785,5,140,279,7,0,0
0,785,7,197,301,2,0,0
0,786,1,119,371,0,1,0
0,786,2,167,369,0,1,0
0,786,4,194,203,5,0,0
0,786,3,220,374,2,1,0
0,786,6,266,230,4,0,0
0,786,5,138,279,5,0,0
0,786,7,198,300,4,0,0
0,787,1,119,371,0,1,0
0,787,2,167,369,1,1,0
0,787,4,194,204,1,0,0
0,787,3,220,374,0,1,0
0,787,6,266,233,5,0,0
0,787,5,135,280,7,0,0
0,787,7,199,300,2,0,0
0,787,8,86,368,0,1,0
0,788,1,119,371,1,1,0
0,788,2,167,369,0,1,0
0,788,4,195,207,4,0,0
0,788,3,220,375,1,1,0
0,788,6,265,237,6,0,0
0,788,5,134,284,9,0,0
0,788,7,199,300,1,0,0
0,788,8,86,368,1,1,0
0,789,1,120,371,1,1,0
0,789,2,167,369,1,1,0
0,789,4,195,207,0,0,0
0,789,3,221,375,0,1,0
0,789,6,264,239,3,0,0
0,789,5,130,285,11,0,0
0,789,7,200,300,2,0,0
0,789,8,87,368,0,1,0
0,790,1,119,371,0,1,0
0,790,2,168,370,1,1,0
0,790,4,195,207,1,0,0
0,790,3,221,375,0,1,0
0,790,6,263,241,4,0,0
0,790,5,126,283,8,0,0
0,790,7,202,304,7,0,0
0,790,8,87,368,0,1,0
0,791,1,119,371,0,1,0
0,791,2,168,370,0,1,0
0,791,4,195,208,0,0,0
0,791,3,221,374,1,1,0
0,791,6,261,242,4,0,0
0,791,5,123,282,6,0,0
0,791,7,202,306,5,0,0
0,791,8,86,368,0,1,0
0,792,1,119,371,1,1,0
0,792,2,168,369,0,1,0
0,792,4,194,209,1,0,0
0,792,3,222,374,1,1,0
0,792,6,260,245,5,0,0
0,792,5,122,283,3,0,0
0,792,7,203,307,1,0,0
0,792,8,87,368,2,1,0
0,793,1,118,370,2,1,0
0,793,2,168,370,0,1,0
0,793,4,194,209,0,0,0
0,793,3,222,374,2,1,0
0,793,6,259,250,7,0,0
0,793,5,122,284,1,0,0
0,793,7,204,309,4,0,0
0,793,8,88,367,3,1,0
0,794,1,117,371,2,1,0
0,794,2,168,370,0,1,0
0,794,4,195,208,2,0,0
0,794,3,222,373,1,1,0
0,794,6,257,253,7,0,0
0,794,5,122,285,2,0,0
0,794,7,205,309,2,0,0
0,795,1,117,371,1,1,0
0,795,2,168,370,0,1,0
0,795,4,196,206,3,0,0
0,795,3,222,374,0,1,0
0,795,6,255,257,8,0,0
0,795,5,125,292,13,0,0
0,795,7,203,307,5,0,0
0,796,1,117,371,0,1,0
0,796,2,168,370,0,1,0
0,796,4,196,204,2,0,0
0,796,3,222,374,1,1,0
0,796,6,254,258,4,0,0
0,796,5,127,292,5,0,0
0,796,7,203,307,0,0,0
0,797,1,116,370,2,1,0
0,797,2,168,369,2,1,0
0,797,4,196,202,2,0,0
0,797,3,222,374,1,1,0
0,797,6,252,258,5,0,0
0,797,5,126,293,3,0,0
0,797,7,206,307,8,0,0
0,798,1,116,370,0,1,0
0,798,2,168,368,2,1,0
0,798,4,196,201,0,0,0
0,798,3,221,375,1,1,0
0,798,6,250,258,4,0,0
0,798,5,125,293,2,0,0
0,798,7,208,308,5,0,0
0,799,1,116,369,1,1,0
0,799,2,167,368,2,1,0
0,799,4,196,201,0,0,0
0,799,3,222,375,1,1,0
0,799,6,248,258,5,0,0
0,799,7,210,311,5,0,0
0,800,1,116,369,0,1,0
0,800,2,167,367,1,1,0
0,800,4,196,200,1,0,0
0,800,3,222,375,0,1,0
0,800,6,247,258,2,0,0
0,800,7,211,312,4,0,0
0,801,1,116,369,0,1,0
0,801,2,167,366,2,1,0
0,801,4,197,198,4,0,0
0,801,3,222,376,0,1,0
0,801,6,246,262,6,0,0
0,801,7,211,311,2,0,0
0,802,1,116,369,1,1,0
0,802,2,167,367,2,1,0
0,802,4,199,196,5,0,0
0,802,3,222,376,0,1,0
0,802,6,244,263,4,0,0
0,802,7,211,311,1,0,0
0,803,1,116,369,0,1,0
0,803,2,167,369,4,1,0
0,803,4,200,195,3,0,0
0,803,3,221,376,1,1,0
0,803,6,244,265,3,0,0
0,803,7,211,311,1,0,0
0,804,1,116,369,0,1,0
0,804,2,167,370,2,1,0
0,804,4,201,194,3,0,0
0,804,3,221,376,0,1,0
0,804,6,241,267,8,0,0
0,804,7,211,311,1,0,0
0,805,1,116,369,0,1,0
0,805,2,168,369,1,1,0
0,805,4,202,192,3,0,0
0,805,3,221,375,1,1,0
0,805,6,241,267,0,0,0
0,805,7,210,312,3,0,0
0,806,1,116,368,1,1,0
0,806,2,168,369,0,1,0
0,806,4,203,192,1,0,0
0,806,3,221,375,0,1,0
0,806,6,242,269,4,0,0
0,806,7,211,312,0,0,0
0,807,1,117,369,1,1,0
0,807,2,167,369,0,1,0
0,807,4,204,192,1,0,0
0,807,3,221,374,4,1,0
0,807,6,242,268,0,0,0
0,807,7,215,317,13,0,0
0,808,1,117,369,2,1,0
0,808,2,167,369,0,1,0
0,808,4,204,192,1,0,0
0,808,3,221,374,0,1,0
0,808,6,239,268,7,0,0
0,808,7,220,322,17,0,0
0,809,1,117,369,0,1,0
0,809,2,167,369,0,1,0
0,809,4,204,191,1,0,0
0,809,3,220,373,1,1,0
0,809,6,237,268,4,0,0
0,809,7,221,319,7,0,0
0,810,1,118,370,2,1,0
0,810,2,167,369,1,1,0
0,810,4,204,192,1,0,0
0,810,3,220,373,0,1,0
0,810,6,236,270,3,0,0
0,810,7,221,317,4,0,0
0,811,1,118,371,1,1,0
0,811,2,166,369,1,1,0
0,811,4,204,191,0,0,0
0,811,3,221,373,0,1,0
0,811,6,234,271,5,0,0
0,811,7,224,324,17,0,0
0,812,1,119,372,2,1,0
0,812,2,166,369,0,1,0
0,812,4,204,192,0,0,0
0,812,3,221,373,0,1,0
0,812,6,231,275,12,0,0
0,812,7,227,327,8,0,0
0,813,1,119,372,1,1,0
0,813,2,166,369,0,1,0
0,813,4,205,192,1,0,0
0,813,3,221,374,0,1,0
0,813,6,227,281,15,0,0
0,813,7,232,335,23,0,0
0,814,1,119,372,1,1,0
0,814,2,166,368,0,1,0
0,814,4,206,193,2,0,0
0,814,3,221,374,0,1,0
0,814,6,225,282,8,0,0
0,814,7,235,339,10,0,0
0,815,1,118,371,0,1,0
0,815,2,166,368,1,1,0
0,815,4,206,192,1,0,0
0,815,3,221,374,0,1,0
0,815,6,222,283,6,0,0
0,815,7,237,343,9,0,0
0,816,1,118,371,0,1,0
0,816,2,166,368,0,1,0
0,816,4,206,191,1,0,0
0,816,3,221,374,0,1,0
0,816,6,219,283,7,0,0
0,816,7,239,344,7,0,0
0,822,1,115,369,7,1,0
0,822,2,166,369,3,1,0
0,822,3,222,378,11,1,0
0,822,7,248,332,41,0,0
0,823,1,114,369,3,1,0
0,823,2,166,369,1,1,0
0,823,3,222,379,4,1,0
0,823,7,250,326,16,0,0
0,823,4,146,242,0,0,0
0,824,1,114,369,1,1,0
0,824,2,166,368,1,1,0
0,824,3,222,379,0,1,0
0,824,7,251,324,6,0,0
0,824,4,146,242,1,0,0
0,825,1,114,369,0,1,0
0,825,2,166,367,4,1,0
0,825,3,222,379,0,1,0
0,825,7,250,322,3,0,0
0,825,4,146,242,1,0,0
0,826,1,113,369,0,1,0
0,826,2,165,366,3,1,0
0,826,3,222,379,0,1,0
0,826,7,250,322,1,0,0
0,826,4,144,240,4,0,0
0,827,1,114,369,1,1,0
0,827,2,165,365,2,1,0
0,827,3,222,379,0,1,0
0,827,7,249,322,1,0,0
0,827,4,143,240,1,0,0
0,828,1,114,369,0,1,0
0,828,2,165,364,1,1,0
0,828,3,222,379,0,1,0
0,828,7,249,322,0,0,0
0,828,4,143,240,0,0,0
0,829,1,114,369,0,1,0
0,829,2,164,364,1,1,0
0,829,3,222,379,0,1,0
0,829,7,250,321,2,0,0
0,829,4,143,240,0,0,0
0,830,1,114,369,0,1,0
0,830,2,164,364,0,1,0
0,830,3,222,379,0,1,0
0,830,7,250,321,1,0,0
0,830,4,143,240,0,0,0
0,831,1,113,369,1,1,0
0,831,2,164,363,1,1,0
0,831,3,222,379,0,1,0
0,831,7,250,321,1,0,0
0,831,4,143,240,0,0,0
0,832,1,113,369,1,1,0
0,832,2,165,363,0,1,0
0,832,3,222,379,0,1,0
0,832,7,249,321,2,0,0
0,832,4,143,240,0,0,0
0,833,1,113,369,0,1,0
0,833,2,165,363,0,1,0
0,833,3,223,379,0,1,0
0,833,7,248,321,3,0,0
0,833,4,144,240,0,0,0
0,834,1,113,369,0,1,0
0,834,2,165,363,0,1,0
0,834,3,222,379,0,1,0
0,834,7,246,321,3,0,0
0,834,4,143,240,1,0,0
0,834,5,80,374,0,1,0
0,835,1,113,369,1,1,0
0,835,2,165,363,0,1,0
0,835,3,222,379,1,1,0
0,835,7,247,321,0,0,0
0,835,4,143,240,0,0,0
0,835,5,77,371,9,1,0
0,836,1,113,369,0,1,0
0,836,2,165,364,1,1,0
0,836,3,223,379,0,1,0
0,836,7,246,321,0,0,0
0,836,4,143,240,0,0,0
0,836,5,79,373,7,1,0
0,837,1,113,369,0,1,0
0,837,2,165,363,1,1,0
0,837,7,246,321,2,0,0
0,837,4,143,240,0,0,0
0,837,5,78,371,6,1,0
0,838,1,113,368,0,1,0
0,838,2,165,363,0,1,0
0,838,7,246,322,1,0,0
0,838,4,143,240,0,0,0
0,838,5,77,369,4,1,0
0,839,1,113,369,1,1,0
0,839,2,165,363,0,1,0
0,839,7,245,322,2,0,0
0,839,4,143,240,0,0,0
0,839,5,77,368,2,1,0
0,840,1,113,368,0,1,0
0,840,2,165,363,1,1,0
0,840,7,244,322,1,0,0
0,840,4,143,240,0,0,0
0,840,5,76,368,0,1,0
0,841,1,113,368,1,1,0
0,841,2,166,363,1,1,0
0,841,7,244,322,0,0,0
0,841,4,143,240,0,0,0
0,841,5,77,368,1,1,0
0,841,3,223,379,0,1,0
0,842,1,113,368,0,1,0
0,842,2,166,364,0,1,0
0,842,7,243,322,1,0,0
0,842,4,143,240,0,0,0
0,842,5,77,368,0,1,0
0,842,3,223,379,0,1,0
0,843,1,112,367,1,1,0
0,843,2,166,364,0,1,0
0,843,7,244,322,0,0,0
0,843,4,143,240,0,0,0
0,843,5,77,368,1,1,0
0,843,3,223,379,0,1,0
0,844,1,112,367,1,1,0
0,844,2,166,364,0,1,0
0,844,7,244,321,0,0,0
0,844,4,144,240,1,0,0
0,844,5,76,367,1,1,0
0,845,1,112,367,0,1,0
0,845,2,166,363,1,1,0
0,845,7,243,321,1,0,0
0,845,4,144,240,0,0,0
0,845,5,76,367,0,1,0
0,846,1,112,367,0,1,0
0,846,2,166,363,0,1,0
0,846,7,243,321,1,0,0
0,846,4,144,241,0,0,0
0,846,5,77,368,2,1,0
0,847,1,112,367,0,1,0
0,847,2,166,364,1,1,0
0,847,7,243,321,1,0,0
0,847,4,144,241,0,0,0
0,847,5,77,368,0,1,0
0,848,1,112,367,0,1,0
0,848,2,166,364,0,1,0
0,848,7,243,321,1,0,0
0,848,4,144,240,0,0,0
0,848,5,77,368,0,1,0
0,849,1,112,367,1,1,0
0,849,2,167,364,1,1,0
0,849,7,243,321,2,0,0
0,849,4,145,242,3,0,0
0,849,5,77,368,0,1,0
0,850,1,112,367,0,1,0
0,850,2,166,363,1,1,0
0,850,7,245,320,7,0,0
0,850,4,146,242,1,0,0
0,850,5,77,368,0,1,0
0,851,1,112,366,0,1,0
0,851,2,166,363,1,1,0
0,851,7,247,319,4,0,0
0,851,4,146,243,0,0,0
0,851,5,77,369,1,1,0
0,852,1,111,364,6,1,0
0,852,2,166,363,0,1,0
0,852,7,247,319,2,0,0
0,852,4,146,242,0,0,0
0,852,5,76,368,1,1,0
0,853,1,111,363,1,1,0
0,853,2,166,363,0,1,0
0,853,7,247,319,0,0,0
0,853,4,146,242,0,0,0
0,853,5,76,368,0,1,0
0,854,1,112,365,4,1,0
0,854,2,166,363,1,1,0
0,854,7,245,320,7,0,0
0,854,4,146,242,0,0,0
0,854,5,76,368,0,1,0
0,855,1,111,364,3,1,0
0,855,2,165,363,1,1,0
0,855,7,244,320,2,0,0
0,855,4,146,242,0,0,0
0,855,5,76,368,0,1,0
0,856,1,111,363,2,1,0
0,856,2,166,363,0,1,0
0,856,7,243,321,3,0,0
0,856,4,147,242,1,0,0
0,856,5,77,368,2,1,0
0,857,1,110,362,1,1,0
0,857,2,166,363,2,1,0
0,857,7,243,321,0,0,0
0,857,4,147,241,1,0,0
0,857,5,77,367,2,1,0
0,858,1,110,362,0,1,0
0,858,2,166,363,0,1,0
0,858,7,242,321,1,0,0
0,858,4,148,241,1,0,0
0,858,5,77,367,2,1,0
0,859,1,110,362,0,1,0
0,859,2,167,363,1,1,0
0,859,7,242,321,0,0,0
0,859,4,148,242,0,0,0
0,859,5,77,366,0,1,0
0,860,1,110,362,0,1,0
0,860,2,166,363,2,1,0
0,860,7,242,321,0,0,0
0,860,4,148,242,0,0,0
0,860,5,77,366,0,1,0
0,861,1,110,363,0,1,0
0,861,2,166,363,0,1,0
0,861,7,243,321,1,0,0
0,861,4,147,242,0,0,0
0,861,5,76,366,0,1,0
0,862,1,110,363,0,1,0
0,862,2,166,363,0,1,0
0,862,7,243,320,1,0,0
0,862,4,147,242,0,0,0
0,862,5,76,366,0,1,0
0,863,1,110,363,0,1,0
0,863,2,166,363,1,1,0
0,863,7,244,320,1,0,0
0,863,4,147,242,1,0,0
0,863,5,76,366,1,1,0
0,864,1,110,363,0,1,0
0,864,2,167,363,1,1,0
0,864,7,243,321,1,0,0
0,864,4,147,243,0,0,0
0,864,5,77,367,1,1,0
0,865,1,110,363,0,1,0
0,865,2,166,363,0,1,0
0,865,7,243,321,0,0,0
0,865,4,146,241,3,0,0
0,865,5,76,366,1,1,0
0,866,1,111,363,0,1,0
0,866,2,166,362,2,1,0
0,866,7,243,321,0,0,0
0,866,4,145,240,1,0,0
0,866,5,76,366,1,1,0
0,867,1,110,363,1,1,0
0,867,2,166,363,1,1,0
0,867,7,244,321,2,0,0
0,867,4,145,240,0,0,0
0,867,5,75,365,3,1,0
0,868,1,110,363,0,1,0
0,868,2,167,363,1,1,0
0,868,7,244,321,0,0,0
0,868,4,145,240,0,0,0
0,868,5,75,364,2,1,0
0,869,1,110,362,0,1,0
0,869,2,167,363,0,1,0
0,869,7,244,321,1,0,0
0,869,4,145,240,0,0,0
0,869,5,75,363,1,1,0
0,870,1,110,362,0,1,0
0,870,2,167,363,0,1,0
0,870,7,243,321,0,0,0
0,870,4,146,240,1,0,0
0,870,5,75,364,0,1,0
0,871,1,110,362,1,1,0
0,871,2,166,363,1,1,0
0,871,7,243,321,0,0,0
0,871,4,146,240,0,0,0
0,871,5,75,363,0,1,0
0,872,1,110,362,0,1,0
0,872,2,166,363,0,1,0
0,872,7,243,321,0,0,0
0,872,4,146,240,0,0,0
0,872,5,75,364,1,1,0
0,873,1,110,362,0,1,0
0,873,2,166,363,0,1,0
0,873,7,243,321,0,0,0
0,873,4,146,239,0,0,0
0,873,5,76,364,0,1,0
0,874,1,110,362,1,1,0
0,874,2,165,362,0,1,0
0,874,7,243,321,0,0,0
0,874,4,145,240,0,0,0
0,874,5,76,365,3,1,0
0,875,1,110,362,0,1,0
0,875,2,166,362,1,1,0
0,875,7,242,321,1,0,0
0,875,4,145,240,1,0,0
0,875,5,76,366,3,1,0
0,875,3,222,379,0,1,0
0,876,1,110,363,0,1,0
0,876,2,166,362,0,1,0
0,876,7,242,321,0,0,0
0,876,4,146,241,1,0,0
0,876,5,76,366,0,1,0
0,876,3,222,378,2,1,0
0,877,1,110,363,0,1,0
0,877,2,166,362,0,1,0
0,877,7,242,320,0,0,0
0,877,4,146,241,0,0,0
0,877,5,76,366,0,1,0
0,878,1,110,363,0,1,0
0,878,2,167,362,1,1,0
0,878,7,243,321,1,0,0
0,878,4,146,240,0,0,0
0,878,5,75,365,3,1,0
0,879,1,110,363,0,1,0
0,879,2,166,362,1,1,0
0,879,7,245,321,5,0,0
0,879,4,145,240,0,0,0
0,879,5,76,367,3,1,0
0,879,3,220,379,0,1,0
0,880,1,110,363,1,1,0
0,880,2,166,363,0,1,0
0,880,7,244,321,1,0,0
0,880,4,145,240,0,0,0
0,880,5,77,367,1,1,0
0,880,3,220,379,2,1,0
0,881,1,109,363,0,1,0
0,881,2,166,363,0,1,0
0,881,7,242,321,4,0,0
0,881,4,145,240,0,0,0
0,881,5,77,367,1,1,0
0,881,3,220,379,0,1,0
0,882,1,110,363,1,1,0
0,882,2,166,363,1,1,0
0,882,7,241,320,3,0,0
0,882,4,145,239,0,0,0
0,882,5,78,367,1,1,0
0,883,1,110,365,5,1,0
0,883,2,166,363,0,1,0
0,883,7,241,320,0,0,0
0,883,4,145,239,0,0,0
0,883,5,78,367,0,1,0
0,883,3,221,379,0,1,0
0,884,1,110,364,2,1,0
0,884,2,166,363,1,1,0
0,884,7,241,321,0,0,0
0,884,4,145,240,0,0,0
0,884,5,78,367,1,1,0
0,884,3,221,379,0,1,0
0,885,1,110,366,4,1,0
0,885,2,166,362,0,1,0
0,885,7,241,321,0,0,0
0,885,4,145,240,1,0,0
0,885,5,77,366,1,1,0
0,885,3,221,379,0,1,0
0,886,1,110,364,4,1,0
0,886,2,166,362,1,1,0
0,886,7,241,321,2,0,0
0,886,4,145,240,0,0,0
0,886,5,77,366,1,1,0
0,886,3,221,379,1,1,0
0,887,1,110,364,1,1,0
0,887,2,166,362,0,1,0
0,887,7,242,322,0,0,0
0,887,4,145,240,0,0,0
0,887,5,76,366,0,1,0
0,887,3,221,379,0,1,0
0,888,1,110,365,4,1,0
0,888,2,166,362,0,1,0
0,888,7,242,322,0,0,0
0,888,4,144,240,0,0,0
0,888,5,76,366,1,1,0
0,888,3,221,379,0,1,0
0,889,1,110,366,2,1,0
0,889,2,166,362,1,1,0
0,889,7,242,322,1,0,0
0,889,4,145,240,0,0,0
0,889,5,75,366,2,1,0
0,889,3,221,379,0,1,0
0,890,1,110,367,1,1,0
0,890,2,167,362,0,1,0
0,890,7,243,322,1,0,0
0,890,4,144,240,0,0,0
0,890,5,75,366,1,1,0
0,890,3,221,379,0,1,0
0,891,1,111,367,0,1,0
0,891,2,167,362,0,1,0
0,891,7,243,321,2,0,0
0,891,4,144,240,0,0,0
0,891,5,75,367,1,1,0
0,891,3,221,379,0,1,0
0,892,1,111,367,0,1,0
0,892,2,167,362,0,1,0
0,892,7,245,321,3,0,0
0,892,4,144,240,0,0,0
0,892,5,74,366,1,1,0
0,892,3,221,379,1,1,0
0,893,1,110,367,0,1,0
0,893,2,167,362,0,1,0
0,893,7,246,321,3,0,0
0,893,4,144,240,0,0,0
0,893,5,74,366,1,1,0
0,893,3,221,379,0,1,0
0,894,1,111,367,0,1,0
0,894,2,167,362,0,1,0
0,894,7,248,321,6,0,0
0,894,4,144,240,0,0,0
0,894,5,74,366,0,1,0
0,894,3,221,379,0,1,0
0,895,1,111,367,0,1,0
0,895,2,167,362,0,1,0
0,895,7,248,320,1,0,0
0,895,4,144,240,0,0,0
0,895,5,74,366,0,1,0
0,895,3,221,379,0,1,0
0,896,1,111,366,0,1,0
0,896,2,167,362,1,1,0
0,896,7,246,320,4,0,0
0,896,4,144,240,0,0,0
0,896,5,74,366,0,1,0
0,896,3,221,378,0,1,0
0,897,1,111,367,2,1,0
0,897,2,168,362,1,1,0
0,897,7,245,321,5,0,0
0,897,4,144,242,2,0,0
0,897,5,75,366,0,1,0
0,897,3,221,378,0,1,0
0,898,1,111,367,0,1,0
0,898,2,168,363,1,1,0
0,898,7,244,321,3,0,0
0,898,4,144,242,1,0,0
0,898,5,75,366,0,1,0
0,898,3,221,379,0,1,0
0,899,1,111,368,0,1,0
0,899,2,168,363,0,1,0
0,899,7,243,321,2,0,0
0,899,4,144,242,0,0,0
0,899,5,75,366,0,1,0
0,899,3,221,379,0,1,0
0,900,1,111,367,0,1,0
0,900,2,168,363,0,1,0
0,900,7,244,321,2,0,0
0,900,4,144,242,0,0,0
0,900,5,75,366,0,1,0
0,900,3,222,379,1,1,0
0,901,1,111,367,0,1,0
0,901,2,168,363,0,1,0
0,901,7,244,321,0,0,0
0,901,4,144,242,0,0,0
0,901,5,76,366,1,1,0
0,901,3,222,379,0,1,0
0,902,1,111,368,0,1,0
0,902,2,167,362,1,1,0
0,902,7,243,321,1,0,0
0,902,4,144,241,1,0,0
0,902,5,76,366,0,1,0
0,902,3,221,379,0,1,0
0,903,1,111,367,1,1,0
0,903,2,167,362,0,1,0
0,903,7,243,321,1,0,0
0,903,4,144,241,0,0,0
0,903,5,76,366,0,1,0
0,903,3,221,379,1,1,0
